iso3,country,year,gdp_pc_usd,gdp_pc_ppp,price_level
AUS,Australia,1980,11021.309,10298.991,107.01348316548678
AUS,Australia,1981,12544.129,11553.35,108.57568584003774
AUS,Australia,1982,12250.122,12074.479,101.45466317842782
AUS,Australia,1983,11606.529,12330.927,94.12535651212598
AUS,Australia,1984,12590.852,13418.795,93.82997504619453
AUS,Australia,1985,10981.344,14393.459,76.29398881811522
AUS,Australia,1986,11259.318,14820.683,75.97030447247268
AUS,Australia,1987,13014.911,15682.405,82.99052983263728
AUS,Australia,1988,16266.362,16629.366,97.81709056135993
AUS,Australia,1989,18232.203,17815.218,102.3406112684111
AUS,Australia,1990,18903.424,18501.976,102.16975743563823
AUS,Australia,1991,18694.805,18711.232,99.91220781186402
AUS,Australia,1992,18137.817,19436.387,93.31887145486452
AUS,Australia,1993,17480.592,20487.635,85.32264460978537
AUS,Australia,1994,19778.159,21731.6,91.01105763036315
AUS,Australia,1995,20960.366,22558.539,92.91544102213358
AUS,Australia,1996,23203.426,23608.944,98.28235434841982
AUS,Australia,1997,23074.735,24905.965,92.64742402071151
AUS,Australia,1998,20430.063,26090.752,78.3038488120235
AUS,Australia,1999,21813.868,27317.672,79.85258773148752
AUS,Australia,2000,20951.98,28471.013,73.59056736056424
AUS,Australia,2001,19538.175,29486.114,66.26229214198928
AUS,Australia,2002,21740.244,30837.923,70.49840548599852
AUS,Australia,2003,27337.48,32033.51,85.34025774883864
AUS,Australia,2004,32914.151,33870.646,97.17603555597964
AUS,Australia,2005,36319.707,35524.283,102.23909937886712
AUS,Australia,2006,38049.787,37009.395,102.81115646445991
AUS,Australia,2007,45295.817,38934.947,116.33717390189334
AUS,Australia,2008,49335.216,39870.469,123.73874006849532
AUS,Australia,2009,45926.875,40179.775,114.30346486509693
AUS,Australia,2010,56757.308,41079.234,138.16544875203854
AUS,Australia,2011,67508.541,42411.069,159.17670219536316
AUS,Australia,2012,68733.794,44080.277,155.9286798492668
AUS,Australia,2013,65525.921,45108.818,145.26188870654957
AUS,Australia,2014,61889.636,46386.746,133.42094744046068
AUS,Australia,2015,51652.457,47215.909,109.39629903132861
AUS,Australia,2016,51985.08,48149.152,107.9667612837709
AUS,Australia,2017,55994.408,49423.626,113.29481976899065
AUS,Australia,2018,56573.19,51426.995,110.0067970139029
AUS,Australia,2019,54543.96,53748.492,101.47998198721557
AUS,Australia,2020,53321.573,53963.371,98.81067845075874
AUS,Australia,2021,64411.291,60478.221,106.50328322322842
AUS,Australia,2022,65775.618,66104.039,99.50317559264418
AUS,Australia,2023,64851.313,68360.691,94.86638015405666
AUS,Australia,2024,65700.943,69646.633,94.33470100413899
AUS,Australia,2025,66351.856,72132.376,91.98623375445167
AUS,Australia,2026,75647.841,74754.759,101.19468246830947
AUS,Australia,2027,77822.946,76771.911,101.36903587042403
AUS,Australia,2028,79735.545,78537.291,101.52571343465362
AUS,Australia,2029,81809.562,80610.829,101.48706199262634
AUS,Australia,2030,84347.972,82951.078,101.68399740386738
AUS,Australia,2031,86913.276,85387.396,101.78700847136737
AUT,Austria,1980,10673.228,12195.591,87.51710351716451
AUT,Austria,1981,9229.942,13309.367,69.34921848649901
AUT,Austria,1982,9216.949,14383.343,64.08071475456019
AUT,Austria,1983,9365.702,15411.117,60.77237620089445
AUT,Austria,1984,8834.022,16018.595,55.148544550879784
AUT,Austria,1985,9041.048,16884.452,53.54658830502761
AUT,Austria,1986,12815.58,17609.127,72.7780542442564
AUT,Austria,1987,16004.95,18324.295,87.34278726684984
AUT,Austria,1988,17536.325,19128.481,91.67651629002847
AUT,Austria,1989,17451.786,20602.332,84.70781851297224
AUT,Austria,1990,21707.996,22154.836,97.98310400492245
AUT,Austria,1991,22498.089,23489.385,95.7798128814356
AUT,Austria,1992,24931.218,24250.901,102.80532669693385
AUT,Austria,1993,24020.491,24691.762,97.28139692906485
AUT,Austria,1994,25584.781,25674.357,99.65110713386123
AUT,Austria,1995,30184.445,26845.658,112.43697211668271
AUT,Austria,1996,29657.412,27955.03,106.0897162335365
AUT,Austria,1997,26603.585,29014.39,91.69100229231081
AUT,Austria,1998,27249.493,30332.044,89.8373119859644
AUT,Austria,1999,27105.607,31856.422,85.08679034952513
AUT,Austria,2000,24498.114,33536.384,73.04936036037756
AUT,Austria,2001,24430.662,34610.373,70.58768768542309
AUT,Austria,2002,26315.717,35494.174,74.14094775103092
AUT,Austria,2003,32114.633,36445.197,88.11760024235842
AUT,Austria,2004,36608.939,38144.671,95.9739277866625
AUT,Austria,2005,38190.312,39980.407,95.5225693425282
AUT,Austria,2006,40387.725,42341.114,95.38654320715321
AUT,Austria,2007,46630.129,44981.819,103.66439160675117
AUT,Austria,2008,51575.468,46367.371,111.23224562375987
AUT,Austria,2009,47816.021,44872.678,106.55932101935169
AUT,Austria,2010,46662.235,46131.349,101.15081395083416
AUT,Austria,2011,51126.851,48302.834,105.84648304486647
AUT,Austria,2012,48302.044,49289.308,97.99700170268166
AUT,Austria,2013,50321.474,49702.193,101.2459832506787
AUT,Austria,2014,51342.747,50552.31,101.56360213806255
AUT,Austria,2015,43986.748,51173.9,85.95543431319481
AUT,Austria,2016,45032.903,52088.239,86.45503066440774
AUT,Austria,2017,47055.738,53765.458,87.52038902002843
AUT,Austria,2018,50963.207,56355.565,90.43154300733211
AUT,Austria,2019,50010.449,60498.82,82.66351145361183
AUT,Austria,2020,48764.175,58627.313,83.17654776366777
AUT,Austria,2021,53827.338,63745.517,84.44097802203096
AUT,Austria,2022,52748.753,71548.503,73.72446772226667
AUT,Austria,2023,56763.597,72589.865,78.19768916776468
AUT,Austria,2024,58373.328,73465.66,79.45661687378838
AUT,Austria,2025,63161.353,75825.359,83.29845559979479
AUT,Austria,2026,67761.236,78333.569,86.50344528537951
AUT,Austria,2027,69865.26,80655.834,86.62145877755103
AUT,Austria,2028,71805.443,82829.196,86.69098152298858
AUT,Austria,2029,73928.604,84973.587,87.00186329665006
AUT,Austria,2030,75932.416,87009.444,87.26916586204136
AUT,Austria,2031,77918.133,89026.152,87.522746125206
BEL,Belgium,1980,12529.407,11668.096,107.38176134306745
BEL,Belgium,1981,10366.157,12725.698,81.45845516686
BEL,Belgium,1982,9128.627,13604.575,67.09968521618647
BEL,Belgium,1983,8626.201,14176.468,60.8487318562
BEL,Belgium,1984,8244.885,15058.027,54.754085644819206
BEL,Belgium,1985,8568.693,15783.257,54.289764146905796
BEL,Belgium,1986,11873.863,16392.56,72.43446417155099
BEL,Belgium,1987,14740.526,17176.069,85.82013730848426
BEL,Belgium,1988,16008.714,18600.991,86.06376939809282
BEL,Belgium,1989,16098.234,19896.46,80.91004128372586
BEL,Belgium,1990,20120.031,21245.49,94.70259805728179
BEL,Belgium,1991,20563.827,22278.945,92.30161930917285
BEL,Belgium,1992,22823.138,23054.612,98.99597529552871
BEL,Belgium,1993,21723.728,23266.468,93.36925570310027
BEL,Belgium,1994,23624.579,24451.678,96.61741415047263
BEL,Belgium,1995,28458.604,25484.078,111.67209580821404
BEL,Belgium,1996,27535.287,26261.268,104.85132324912871
BEL,Belgium,1997,24878.749,27653.375,89.96641097153602
BEL,Belgium,1998,25399.222,28451.216,89.2728873170131
BEL,Belgium,1999,25309.265,29813.136,84.89299817369096
BEL,Belgium,2000,23136.511,31543.369,73.34825585688073
BEL,Belgium,2001,23067.163,32531.06,70.90811980919159
BEL,Belgium,2002,25044.331,33449.481,74.87210638634423
BEL,Belgium,2003,30707.665,34310.427,89.499512786594
BEL,Belgium,2004,35497.552,36348.84,97.6580050422517
BEL,Belgium,2005,36945.499,38177.514,96.77293026465789
BEL,Belgium,2006,38841.785,40107.805,96.84345727720579
BEL,Belgium,2007,44496.791,42413.917,104.91082679300759
BEL,Belgium,2008,48493.275,43089.026,112.54205421120452
BEL,Belgium,2009,45055.745,42187.277,106.7993674965085
BEL,Belgium,2010,44460.655,43506.015,102.19427129788833
BEL,Belgium,2011,47915.958,44599.69,107.43563015796747
BEL,Belgium,2012,45028.566,45218.936,99.57900380495462
BEL,Belgium,2013,47055.739,45871.977,102.58057768035593
BEL,Belgium,2014,48129.389,47312.86,101.72580774022116
BEL,Belgium,2015,41032.322,48212.447,85.1073209372675
BEL,Belgium,2016,41918.104,48929.863,85.6697759403087
BEL,Belgium,2017,44110.725,50359.865,87.59103107206502
BEL,Belgium,2018,47627.406,52597.806,90.55017618035247
BEL,Belgium,2019,46858.358,56878.238,82.38363150419674
BEL,Belgium,2020,45933.801,56198.704,81.73462683409923
BEL,Belgium,2021,51833.16,62045.209,83.54095478991779
BEL,Belgium,2022,50918.392,68713.626,74.1023214231192
BEL,Belgium,2023,55482.368,71704.946,77.37592885154673
BEL,Belgium,2024,56796.37,73804.776,76.95487077963628
BEL,Belgium,2025,61002.007,76207.881,80.04684843553123
BEL,Belgium,2026,65111.565,78606.869,82.8319023875636
BEL,Belgium,2027,66590.096,80913.718,82.29765934127512
BEL,Belgium,2028,68049.946,82930.743,82.05635635026204
BEL,Belgium,2029,69840.033,85220.365,81.95228100701047
BEL,Belgium,2030,71561.752,87696.558,81.60155156830669
BEL,Belgium,2031,73356.536,90182.609,81.3422197621273
CAN,Canada,1980,11281.422,11862.755,95.09951103263955
CAN,Canada,1981,12396.666,13269.808,93.42008565609991
CAN,Canada,1982,12543.938,13481.384,93.0463667528497
CAN,Canada,1983,13493.198,14224.769,94.8570623537015
CAN,Canada,1984,13947.358,15460.587,90.21234446014242
CAN,Canada,1985,14185.922,16552.087,85.70473318560977
CAN,Canada,1986,14539.75,17075.347,85.15053896122872
CAN,Canada,1987,16408.139,17983.107,91.24195835569459
CAN,Canada,1988,19041.182,19181.534,99.2682962686926
CAN,Canada,1989,20842.455,20052.26,103.94067800836415
CAN,Canada,1990,21572.137,20529.995,105.07619217637414
CAN,Canada,1991,21885.57,20517.188,106.66944222570851
CAN,Canada,1992,20984.778,20919.697,100.3110991521531
CAN,Canada,1993,20210.452,21733.519,92.99208287438404
CAN,Canada,1994,20024.581,22948.032,87.26055898823915
CAN,Canada,1995,20706.725,23808.51,86.97194826555715
CAN,Canada,1996,21325.69,24398.047,87.40736502392998
CAN,Canada,1997,21930.485,25623.086,85.58877334291428
CAN,Canada,1998,21046.556,26690.736,78.85341191040966
CAN,Canada,1999,22340.553,28232.099,79.13174645640058
CAN,Canada,2000,24296.721,30077.518,80.78033898940731
CAN,Canada,2001,23859.77,31003.774,76.95763102904827
CAN,Canada,2002,24279.8,32081.282,75.68213764026014
CAN,Canada,2003,28340.085,32995.763,85.89007321940093
CAN,Canada,2004,32178.496,34604.971,92.98807388106177
CAN,Canada,2005,36440.967,36488.719,99.86913215561226
CAN,Canada,2006,40559.017,38218.881,106.12298408213469
CAN,Canada,2007,44717.074,39669.53,112.72398236127326
CAN,Canada,2008,46773.744,40404.68,115.76318386879936
CAN,Canada,2009,40989.278,39019.001,105.04953214973392
CAN,Canada,2010,47625.742,40261.543,118.29090107152625
CAN,Canada,2011,52285.815,41962.427,124.60150362608911
CAN,Canada,2012,52745.057,43035.423,122.5619578550442
CAN,Canada,2013,52711.32,44315.275,118.94616472536839
CAN,Canada,2014,51025.428,45914.79,111.13070102248099
CAN,Canada,2015,43628.425,46266.588,94.29790889269812
CAN,Canada,2016,42382.499,46699.042,90.75667762092422
CAN,Canada,2017,45192.368,48384.579,93.40242063488866
CAN,Canada,2018,46617.97,50068.12,93.10908817826594
CAN,Canada,2019,46430.975,50584.055,91.78974481187797
CAN,Canada,2020,43573.195,48630.152,89.60119022453395
CAN,Canada,2021,52907.542,56218.093,94.11123568350139
CAN,Canada,2022,56608.779,61992.38,91.3157052528069
CAN,Canada,2023,55002.356,63796.961,86.21469602603797
CAN,Canada,2024,55209.059,64801.549,85.19712854394885
CAN,Canada,2025,55764.707,67012.727,83.21509882742126
CAN,Canada,2026,60304.564,70006.275,86.14165515876971
CAN,Canada,2027,63468.177,72858.083,87.11206003045675
CAN,Canada,2028,66123.089,75045.338,88.11085506737274
CAN,Canada,2029,68607.165,77181.143,88.89109740186149
CAN,Canada,2030,71028.366,79268.882,89.6043494091414
CAN,Canada,2031,73536.111,81457.942,90.27494335665884
CHL,Chile,1980,2598.159,3479.431,74.67195067239443
CHL,Chile,1981,3025.972,3979.135,76.04597481613466
CHL,Chile,1982,2219.964,3592.235,61.79896359787151
CHL,Chile,1983,1774.676,3570.9,49.698283345935195
CHL,Chile,1984,1698.949,3856.52,44.053939821393385
CHL,Chile,1985,1434.434,3994.562,35.90966919527097
CHL,Chile,1986,1515.068,4227.811,35.8357551934086
CHL,Chile,1987,1756.21,4538.364,38.696984199592634
CHL,Chile,1988,2035.335,4955.684,41.070717987668296
CHL,Chile,1989,2305.635,5601.557,41.16060945197916
CHL,Chile,1990,2521.569,5926.103,42.55020542167424
CHL,Chile,1991,2849.743,6485.001,43.9436015507168
CHL,Chile,1992,3383.78,7186.704,47.083892699629764
CHL,Chile,1993,3563.323,7718.278,46.16733162500755
CHL,Chile,1994,4048.671,8154.154,49.651637680622656
CHL,Chile,1995,5142.153,8938.18,57.53020189792552
CHL,Chile,1996,5376.778,9424.942,57.04839350735528
CHL,Chile,1997,5788.713,10159.836,56.97644135200608
CHL,Chile,1998,5465.792,10566.742,51.72636939559989
CHL,Chile,1999,4978.07,10557.328,47.15274546741372
CHL,Chile,2000,5092.521,11200.6,45.466501794546716
CHL,Chile,2001,4601.085,11678.774,39.396986361753385
CHL,Chile,2002,4472.867,12105.888,36.947863717225864
CHL,Chile,2003,4817.24,12792.703,37.65615444992353
CHL,Chile,2004,6176.397,13874.108,44.517434922663135
CHL,Chile,2005,7551.076,14997.87,50.34765603382346
CHL,Chile,2006,9405.301,16236.971,57.925218933999446
CHL,Chile,2007,10447.793,17368.742,60.15284814524852
CHL,Chile,2008,10769.752,18192.047,59.20033078190706
CHL,Chile,2009,10192.185,17913.553,56.8965017715916
CHL,Chile,2010,12748.117,18995.136,67.11253344013963
CHL,Chile,2011,14602.219,20385.198,71.63147986102464
CHL,Chile,2012,15371.433,21819.649,70.4476639381321
CHL,Chile,2013,15787.358,22691.632,69.57347977439437
CHL,Chile,2014,14614.282,23249.351,62.85888152318746
CHL,Chile,2015,13506.926,23695.707,57.00157416699996
CHL,Chile,2016,13704.911,24024.315,57.04600110346539
CHL,Chile,2017,14970.174,24424.643,61.29127045992034
CHL,Chile,2018,15752.408,25492.234,61.79296800743316
CHL,Chile,2019,14602.92,25823.898,56.54808580795974
CHL,Chile,2020,13207.85,25528.892,51.73687130643978
CHL,Chile,2021,16265.341,29184.704,55.73241722787389
CHL,Chile,2022,15385.381,31623.997,48.650969072631774
CHL,Chile,2023,16988.274,32673.422,51.994168226395146
CHL,Chile,2024,16589.838,34114.494,48.629881480874374
CHL,Chile,2025,17734.761,35649.165,49.7480403818715
CHL,Chile,2026,20239.757,37336.113,54.209598626402276
CHL,Chile,2027,21431.649,38941.802,55.03507259371305
CHL,Chile,2028,22368.322,40323.259,55.47250533494825
CHL,Chile,2029,23290.432,41826.303,55.68369740925944
CHL,Chile,2030,24244.375,43414.26,55.84426637699226
CHL,Chile,2031,25263.894,45073.853,56.04999865443053
COL,Colombia,1980,1682.422,2801.952,60.044640307899634
COL,Colombia,1981,1792.979,3068.539,58.43103183632341
COL,Colombia,1982,1878.855,3218.428,58.378034245289946
COL,Colombia,1983,1827.9,3325.293,54.96959215323282
COL,Colombia,1984,1767.888,3486.766,50.702800245270254
COL,Colombia,1985,1623.653,3734.062,43.482218559841805
COL,Colombia,1986,1592.843,3949.162,40.33369611071919
COL,Colombia,1987,1624.05,4176.819,38.88246055191761
COL,Colombia,1988,1714.905,4407.551,38.90834161646683
COL,Colombia,1989,1694.086,4640.502,36.50652450963279
COL,Colombia,1990,1691.101,4920.116,34.37116116774483
COL,Colombia,1991,1712.342,5101.195,33.567468014847506
COL,Colombia,1992,1986.537,5337.828,37.21620479341035
COL,Colombia,1993,2209.196,5668.187,38.97535490625133
COL,Colombia,1994,2726.809,5979.16,45.60521879327531
COL,Colombia,1995,3035.304,6314.678,48.06743906815201
COL,Colombia,1996,3137.059,6457.364,48.58110832841389
COL,Colombia,1997,3399.32,6706.035,50.69046016013934
COL,Colombia,1998,3090.894,6715.661,46.02516416477842
COL,Colombia,1999,2673.657,6442.196,41.502261030244966
COL,Colombia,2000,2535.469,6680.527,37.95312854809209
COL,Colombia,2001,2461.321,6857.415,35.89284008624241
COL,Colombia,2002,2424.342,7049.412,34.39069811780046
COL,Colombia,2003,2313.528,7377.425,31.359559737984455
COL,Colombia,2004,2827.165,7882.06,35.868351674562234
COL,Colombia,2005,3493.965,8387.58,41.65641341125807
COL,Colombia,2006,3836.683,9118.053,42.077875616647546
COL,Colombia,2007,4834.374,9881.538,48.92329513887413
COL,Colombia,2008,5622.1,10288.047,54.646912091284186
COL,Colombia,2009,5330.75,10355.432,51.477813769623516
COL,Colombia,2010,6498.64,10833.903,59.984291902927325
COL,Colombia,2011,7518.387,11701.7,64.25038242306672
COL,Colombia,2012,8237.227,12262.387,67.17474338397574
COL,Colombia,2013,8409.677,12986.406,64.75753953788292
COL,Colombia,2014,8312.058,13677.304,60.77263472391928
COL,Colombia,2015,6337.016,14074.782,45.023901613538314
COL,Colombia,2016,6037.155,14345.284,42.08459727949617
COL,Colombia,2017,6577.315,14616.864,44.99812682118407
COL,Colombia,2018,6923.711,15481.447,44.722634776968846
COL,Colombia,2019,6540.105,16349.326,40.00229122595023
COL,Colombia,2020,5363.203,15587.556,34.40695257165395
COL,Colombia,2021,6231.291,17724.717,35.15594071262181
COL,Colombia,2022,6687.547,20153.521,33.18302047567767
COL,Colombia,2023,7026.609,20860.036,33.68454877067326
COL,Colombia,2024,7979.809,21499.476,37.116295299476135
COL,Colombia,2025,8622.574,22542.894,38.24963201264221
COL,Colombia,2026,10103.714,23575.647,42.85657144425347
COL,Colombia,2027,10321.373,24561.883,42.02191257079109
COL,Colombia,2028,10707.822,25481.889,42.021303836619026
COL,Colombia,2029,11137.187,26514.066,42.00482491067194
COL,Colombia,2030,11594.972,27619.871,41.98054364555142
COL,Colombia,2031,12076.063,28773.389,41.96955388188719
CRI,Costa Rica,1980,2108.75,4181.975,50.424739507051086
CRI,Costa Rica,1981,1111.35,4341.905,25.59590778701975
CRI,Costa Rica,1982,1071.935,4149.94,25.830132483843144
CRI,Costa Rica,1983,1257.355,4309.931,29.173436883328296
CRI,Costa Rica,1984,1421.164,4687.279,30.319594801162893
CRI,Costa Rica,1985,1478.366,4727.596,31.27098846855781
CRI,Costa Rica,1986,1611.323,4941.069,32.61081761861654
CRI,Costa Rica,1987,1612.564,5158.699,31.25912172817217
CRI,Costa Rica,1988,1598.038,5377.451,29.717388405770688
CRI,Costa Rica,1989,1763.481,5754.032,30.647744051475556
CRI,Costa Rica,1990,1880.75,6035.128,31.163382118821676
CRI,Costa Rica,1991,2305.412,6235.116,36.97464489834672
CRI,Costa Rica,1992,2684.089,6812.141,39.401547912763405
CRI,Costa Rica,1993,2926.912,7277.595,40.2181215085478
CRI,Costa Rica,1994,3110.155,7544.004,41.226847175584744
CRI,Costa Rica,1995,3336.709,7797.416,42.79249689897268
CRI,Costa Rica,1996,3277.614,7833.291,41.84210697649302
CRI,Costa Rica,1997,3450.907,8193.518,42.11752509727812
CRI,Costa Rica,1998,3653.154,8658.667,42.19072058089311
CRI,Costa Rica,1999,3715.408,8929.348,41.608950619910885
CRI,Costa Rica,2000,3941.14,9547.188,41.28063676969595
CRI,Costa Rica,2001,4041.943,9737.003,41.51116108313821
CRI,Costa Rica,2002,4122.829,10050.676,41.020414945223585
CRI,Costa Rica,2003,4227.819,10524.19,40.17239331482993
CRI,Costa Rica,2004,4483.59,11107.53,40.36531974255303
CRI,Costa Rica,2005,4756.337,11732.177,40.54095842570395
CRI,Costa Rica,2006,5309.271,12787.714,41.518530989979915
CRI,Costa Rica,2007,6194.045,14011.001,44.208440210660186
CRI,Costa Rica,2008,6993.896,14741.221,47.444482380394405
CRI,Costa Rica,2009,6879.266,14487.944,47.482693196494964
CRI,Costa Rica,2010,8268.859,15163.128,54.53267294188904
CRI,Costa Rica,2011,9270.571,15951.569,58.11698523198564
CRI,Costa Rica,2012,10107.452,16822.175,60.08409732986371
CRI,Costa Rica,2013,10764.529,17312.577,62.17750829353712
CRI,Costa Rica,2014,10853.638,18011.356,60.25997154239804
CRI,Costa Rica,2015,11635.197,18615.89,62.50142754388859
CRI,Costa Rica,2016,11986.918,19350.081,61.94763732513575
CRI,Costa Rica,2017,12185.259,20279.603,60.0862797955167
CRI,Costa Rica,2018,12458.314,21272.156,58.566296712002305
CRI,Costa Rica,2019,12757.29,23110.805,55.200543641816026
CRI,Costa Rica,2020,12244.047,21837.313,56.069384543785226
CRI,Costa Rica,2021,12660.545,23809.0,53.17545886009493
CRI,Costa Rica,2022,13575.942,26641.793,50.95731357119995
CRI,Costa Rica,2023,16582.493,28683.678,57.81159933534325
CRI,Costa Rica,2024,18164.96,30325.932,59.89909889661429
CRI,Costa Rica,2025,19161.968,32335.01,59.26074555102968
CRI,Costa Rica,2026,20299.194,34156.768,59.42949286068284
CRI,Costa Rica,2027,21277.684,35848.684,59.35415648730648
CRI,Costa Rica,2028,22287.974,37416.478,59.5672687311724
CRI,Costa Rica,2029,23321.504,39087.964,59.66415646514616
CRI,Costa Rica,2030,24413.027,40838.223,59.77984644434701
CRI,Costa Rica,2031,25604.072,42653.351,60.02827773133229
CZE,Czechia,1995,5861.187,15601.878,37.56718902685945
CZE,Czechia,1996,6569.378,16625.458,39.51396707386948
CZE,Czechia,1997,6065.51,16831.282,36.037124207175665
CZE,Czechia,1998,6521.063,16970.03,38.42693854990239
CZE,Czechia,1999,6374.041,17463.493,36.499232999950245
CZE,Czechia,2000,6048.872,18596.172,32.52751157603834
CZE,Czechia,2001,6659.088,19657.707,33.875202229842984
CZE,Czechia,2002,8096.686,20326.606,39.832946041262375
CZE,Czechia,2003,9857.191,21430.016,45.99712384722439
CZE,Czechia,2004,11784.605,23042.435,51.1430541086478
CZE,Czechia,2005,13458.775,25271.335,53.25707961213762
CZE,Czechia,2006,15281.951,27708.888,55.1518018334045
CZE,Czechia,2007,18513.803,29931.942,61.85299637424128
CZE,Czechia,2008,22895.716,31035.579,73.77247899902237
CZE,Czechia,2009,19863.767,29493.768,67.34903115803989
CZE,Czechia,2010,20184.18,30556.212,66.05589724276032
CZE,Czechia,2011,22068.782,31664.824,69.69494603854422
CZE,Czechia,2012,20024.209,31948.813,62.67590911749992
CZE,Czechia,2013,20256.925,32446.012,62.43271129900341
CZE,Czechia,2014,20063.059,33764.198,59.421103382938355
CZE,Czechia,2015,17944.844,35679.615,50.294387985969024
CZE,Czechia,2016,18731.83,36806.635,50.89253608758313
CZE,Czechia,2017,20882.415,39288.117,53.15198740626842
CZE,Czechia,2018,23661.699,41560.489,56.93315831774741
CZE,Czechia,2019,24013.061,45519.879,52.75291043721799
CZE,Czechia,2020,23464.296,44823.06,52.34871514796179
CZE,Czechia,2021,27667.664,49943.717,55.39768696030374
CZE,Czechia,2022,27876.28,53439.629,52.164059746747114
CZE,Czechia,2023,31800.883,55325.293,57.47982753566259
CZE,Czechia,2024,31739.612,56963.63,55.7190825093134
CZE,Czechia,2025,35678.377,60247.423,59.219756171147765
CZE,Czechia,2026,39795.187,63549.731,62.62054358656529
CZE,Czechia,2027,41625.666,66589.062,62.51126648998299
CZE,Czechia,2028,43470.104,69319.835,62.70947413536111
CZE,Czechia,2029,45305.454,72100.519,62.83651578152995
CZE,Czechia,2030,47195.685,74975.891,62.94781478488864
CZE,Czechia,2031,49158.33,77941.89,63.070487513197335
DNK,Denmark,1980,13824.64,12427.419,111.24305054814681
DNK,Denmark,1981,11994.613,13497.291,88.86681779328904
DNK,Denmark,1982,11737.06,14902.966,78.75653745704042
DNK,Denmark,1983,11791.596,15905.277,74.13637624795845
DNK,Denmark,1984,11515.53,17209.184,66.9150263022349
DNK,Denmark,1985,12218.954,18494.195,66.06913142204893
DNK,Denmark,1986,17150.903,19740.091,86.88360656493427
DNK,Denmark,1987,21304.876,20289.55,105.00418195573585
DNK,Denmark,1988,22525.652,21043.606,107.04273782734764
DNK,Denmark,1989,21894.222,22018.771,99.43435080913463
DNK,Denmark,1990,26914.854,23197.564,116.02448429498891
DNK,Denmark,1991,27044.086,24279.315,111.38735174365505
DNK,Denmark,1992,29632.327,25258.418,117.3166387538602
DNK,Denmark,1993,27624.212,25744.058,107.30325421112707
DNK,Denmark,1994,30023.075,27600.012,108.77920995106814
DNK,Denmark,1995,35440.899,28928.722,122.51111196685424
DNK,Denmark,1996,35703.887,30108.758,118.5830614467724
DNK,Denmark,1997,32841.426,31453.461,104.41275762943863
DNK,Denmark,1998,33405.3,32424.803,103.02391043054295
DNK,Denmark,1999,33477.76,33741.367,99.21874238231072
DNK,Denmark,2000,30777.178,35678.91,86.26154218276287
DNK,Denmark,2001,30823.475,36698.147,83.9919110902248
DNK,Denmark,2002,33304.059,37304.154,89.27707890118619
DNK,Denmark,2003,40572.443,38100.996,106.48656796268527
DNK,Denmark,2004,46684.835,40107.185,116.40017867122812
DNK,Denmark,2005,48998.314,42232.126,116.02142406943948
DNK,Denmark,2006,52213.64,45063.654,115.8664142060029
DNK,Denmark,2007,58786.14,46572.896,126.22393076007126
DNK,Denmark,2008,64826.681,47024.099,137.85842233787403
DNK,Denmark,2009,58536.553,44668.0,131.04807244559865
DNK,Denmark,2010,58240.45,45733.843,127.34650355099176
DNK,Denmark,2011,61920.301,47069.987,131.54943297519927
DNK,Denmark,2012,58559.563,47773.198,122.57827704982196
DNK,Denmark,2013,61512.411,49068.753,125.3596377311647
DNK,Denmark,2014,62700.908,50340.277,124.55415769762253
DNK,Denmark,2015,53316.984,51577.438,103.37268787953366
DNK,Denmark,2016,54699.182,53221.935,102.77563564721952
DNK,Denmark,2017,57683.746,55427.449,104.07072134963312
DNK,Denmark,2018,61456.783,57356.837,107.14813824200245
DNK,Denmark,2019,59489.614,60682.02,98.0349929023457
DNK,Denmark,2020,61075.932,62775.249,97.29301432161583
DNK,Denmark,2021,69538.862,70151.526,99.12665620417151
DNK,Denmark,2022,68122.941,75045.701,90.77527438913523
DNK,Denmark,2023,68207.562,77512.855,87.9951615767475
DNK,Denmark,2024,71214.061,81806.125,87.05223600311102
DNK,Denmark,2025,77046.358,86094.234,89.49072942561983
DNK,Denmark,2026,83445.326,89667.31,93.06103417176227
DNK,Denmark,2027,86325.177,92335.661,93.49061463912626
DNK,Denmark,2028,88992.742,94429.466,94.24255560229473
DNK,Denmark,2029,91890.978,97049.576,94.68457440762029
DNK,Denmark,2030,94769.821,99668.99,95.08456040339127
DNK,Denmark,2031,97740.518,102236.016,95.60282356855532
EST,Estonia,1993,1194.185,7860.336,15.19254393196423
EST,Estonia,1994,1711.265,8079.987,21.179056352442153
EST,Estonia,1995,2720.996,8595.234,31.65703225764418
EST,Estonia,1996,3379.95,9321.773,36.258660235558196
EST,Estonia,1997,3686.89,10842.995,34.0025057652429
EST,Estonia,1998,4096.119,11551.148,35.460709186654
EST,Estonia,1999,4151.424,11630.508,35.69426202191684
EST,Estonia,2000,4084.932,13030.598,31.348768490901186
EST,Estonia,2001,4513.019,14197.698,31.786977015569708
EST,Estonia,2002,5359.979,15515.923,34.54502191071714
EST,Estonia,2003,7218.163,17131.337,42.134265410808275
EST,Estonia,2004,8925.153,18901.009,47.220510820348274
EST,Estonia,2005,10428.693,21472.641,48.56735135654715
EST,Estonia,2006,12659.144,24439.444,51.798003260630644
EST,Estonia,2007,16765.784,27125.444,61.80833021571923
EST,Estonia,2008,18274.232,26301.39,69.48009972096531
EST,Estonia,2009,14757.1,22635.502,65.19448961193793
EST,Estonia,2010,14697.472,23525.455,62.47476191215004
EST,Estonia,2011,17552.466,25915.921,67.72850557771034
EST,Estonia,2012,17579.346,27465.939,64.00416894539816
EST,Estonia,2013,19310.675,28525.402,67.69641668853606
EST,Estonia,2014,20574.581,30047.038,68.4745731010158
EST,Estonia,2015,17723.954,30881.854,57.39277829627717
EST,Estonia,2016,18661.231,32130.221,58.079995777184344
EST,Estonia,2017,20844.174,34506.668,60.40622061799766
EST,Estonia,2018,23628.862,37121.032,63.65356976066829
EST,Estonia,2019,24023.899,40586.344,59.19207455591467
EST,Estonia,2020,23914.829,40672.084,58.799123742958436
EST,Estonia,2021,27969.745,45059.345,62.073128226786245
EST,Estonia,2022,28362.68,47039.427,60.29554739261598
EST,Estonia,2023,30272.75,46698.803,64.82553739118325
EST,Estonia,2024,31418.897,47743.406,65.80782485438932
EST,Estonia,2025,34325.319,49491.684,69.3557305506113
EST,Estonia,2026,37717.964,51652.774,73.02214591611286
EST,Estonia,2027,39643.958,53878.206,73.58069420500007
EST,Estonia,2028,41798.781,56122.255,74.4780853869824
EST,Estonia,2029,43876.044,58397.682,75.13319449905563
EST,Estonia,2030,45879.828,60578.475,75.73618847288579
EST,Estonia,2031,47876.615,62700.102,76.35811342061294
FIN,Finland,1980,11257.795,9995.54,112.62818216924748
FIN,Finland,1981,10990.447,11044.626,99.50945373795365
FIN,Finland,1982,11036.936,12027.953,91.760717721461
FIN,Finland,1983,10545.058,12810.488,82.31581810154306
FIN,Finland,1984,10889.934,13620.164,79.95449981365861
FIN,Finland,1985,11488.754,14476.792,79.35980568070606
FIN,Finland,1986,14998.341,15118.614,99.204470727277
FIN,Finland,1987,18632.076,15995.905,116.48028667337047
FIN,Finland,1988,22122.56,17377.22,127.30782023821992
FIN,Finland,1989,24040.639,18916.928,127.0853227331626
FIN,Finland,1990,28491.135,19587.2,145.45792660512987
FIN,Finland,1991,25650.711,18967.121,135.23776750303855
FIN,Finland,1992,22497.298,18643.039,120.67398453653398
FIN,Finland,1993,17641.392,18838.602,93.64491059368419
FIN,Finland,1994,20406.2,19913.152,102.47599174656028
FIN,Finland,1995,26322.115,21104.518,124.72265417291217
FIN,Finland,1996,25806.206,22199.197,116.24837601107822
FIN,Finland,1997,24750.37,23954.16,103.32389029713418
FIN,Finland,1998,26064.759,25470.004,102.3351193819993
FIN,Finland,1999,26236.007,26899.895,97.53200523645167
FIN,Finland,2000,24369.776,29026.442,83.95715878646098
FIN,Finland,2001,24998.587,30405.926,82.21616733527537
FIN,Finland,2002,26999.895,31316.13,86.21721457919608
FIN,Finland,2003,32954.317,32505.528,101.38065439207757
FIN,Finland,2004,37812.031,34627.15,109.19764115729997
FIN,Finland,2005,39142.224,36586.713,106.98480620546589
FIN,Finland,2006,41300.022,39089.36,105.65540597236689
FIN,Finland,2007,48586.821,42110.285,115.37993865394168
FIN,Finland,2008,53894.581,43065.966,125.14425195988869
FIN,Finland,2009,47538.607,39638.998,119.92888165336572
FIN,Finland,2010,46647.994,41197.438,113.23032757522444
FIN,Finland,2011,51174.768,42861.116,119.39672312778788
FIN,Finland,2012,47693.7,42787.214,111.46717802192028
FIN,Finland,2013,49804.351,42887.378,116.1282254186768
FIN,Finland,2014,50180.785,43229.816,116.07910845607117
FIN,Finland,2015,42625.16,43670.461,97.60638890439009
FIN,Finland,2016,43502.557,45091.092,96.47705360517772
FIN,Finland,2017,46109.916,47277.069,97.53124924051446
FIN,Finland,2018,49698.347,49270.069,100.86924578895962
FIN,Finland,2019,48395.834,52311.043,92.51552105355651
FIN,Finland,2020,48827.138,53337.577,91.54359974019818
FIN,Finland,2021,53203.799,57425.707,92.64805220421579
FIN,Finland,2022,50551.801,61818.01,81.77519949283388
FIN,Finland,2023,53069.46,63099.902,84.10387071599573
FIN,Finland,2024,53291.833,64446.667,82.69137176636303
FIN,Finland,2025,56464.358,66297.256,85.1684691143175
FIN,Finland,2026,60129.688,68861.301,87.31999995178714
FIN,Finland,2027,62379.309,71432.551,87.3261673099145
FIN,Finland,2028,64448.57,73657.901,87.49715797630454
FIN,Finland,2029,66835.03,76072.11,87.85746839413288
FIN,Finland,2030,69359.211,78458.642,88.40225784178114
FIN,Finland,2031,71893.748,80889.743,88.87869504048246
FRA,France,1980,12623.85,10758.814,117.33495903916547
FRA,France,1981,11057.517,11850.885,93.30541136801175
FRA,France,1982,10433.377,12813.003,81.42803837632755
FRA,France,1983,9921.765,13405.131,74.0146813932665
FRA,France,1984,9357.211,14058.346,66.55982858865474
FRA,France,1985,9753.414,14674.921,66.4631448441869
FRA,France,1986,13487.79,15248.293,88.45442568555052
FRA,France,1987,16241.482,15949.453,101.83096561367968
FRA,France,1988,17650.437,17195.222,102.64733424203538
FRA,France,1989,17639.404,18587.933,94.89707112673581
FRA,France,1990,21735.528,19714.454,110.25173712647583
FRA,France,1991,21675.374,20548.825,105.48230373269519
FRA,France,1992,23775.543,21207.17,112.1108709931594
FRA,France,1993,22357.695,21514.296,103.92017940071105
FRA,France,1994,23505.585,22418.618,104.8485013661413
FRA,France,1995,26927.038,23367.785,115.23145218941376
FRA,France,1996,26883.799,24032.233,111.8655890195472
FRA,France,1997,24309.419,24975.95,97.33130871898767
FRA,France,1998,25024.875,26041.272,96.09697636889626
FRA,France,1999,24755.925,27169.616,91.11621231599297
FRA,France,2000,22502.094,28813.628,78.09531656339841
FRA,France,2001,22486.945,29791.781,75.48036486976055
FRA,France,2002,24295.367,30373.501,79.98869475073025
FRA,France,2003,29675.139,31057.729,95.54832228718332
FRA,France,2004,33876.29,32473.673,104.31924346839361
FRA,France,2005,34964.765,33895.492,103.15461713905792
FRA,France,2006,36685.03,35705.493,102.74337900893849
FRA,France,2007,41762.59,37338.791,111.84772961716945
FRA,France,2008,45753.56,37942.559,120.5863842762951
FRA,France,2009,41943.313,36936.323,113.55573482503931
FRA,France,2010,40988.558,37890.804,108.17547708937505
FRA,France,2011,44197.638,39437.467,112.07017428375916
FRA,France,2012,41150.451,40073.811,102.68664240593439
FRA,France,2013,42951.716,40930.46,104.9382684680309
FRA,France,2014,43277.417,41699.397,103.7842753457562
FRA,France,2015,36775.676,42319.898,86.89925481389392
FRA,France,2016,37081.496,42919.533,86.39771546442502
FRA,France,2017,38756.651,44564.774,86.96700896542188
FRA,France,2018,41539.756,46496.123,89.34025746619778
FRA,France,2019,40487.302,51224.78,79.0385083157019
FRA,France,2020,39230.928,49598.675,79.09672587019713
FRA,France,2021,43848.345,54017.12,81.17490343802113
FRA,France,2022,41095.77,59160.136,69.4653068410796
FRA,France,2023,44749.675,62028.944,72.14321591546037
FRA,France,2024,46053.562,64053.78,71.89827360695965
FRA,France,2025,48929.949,66275.934,73.8276264805261
FRA,France,2026,52083.326,68567.452,75.95925542048725
FRA,France,2027,53035.067,70489.431,75.23832473551958
FRA,France,2028,54379.394,72315.472,75.19745428751402
FRA,France,2029,55849.105,74247.18,75.22050669129791
FRA,France,2030,57347.075,76234.021,75.22504289784216
FRA,France,2031,58797.018,78211.806,75.17665299788628
DEU,Germany,1980,11150.445,12009.557,92.84643055526527
DEU,Germany,1981,9363.773,13135.556,71.28569966889866
DEU,Germany,1982,9048.007,13847.202,65.34177085016887
DEU,Germany,1983,9058.272,14664.293,61.77094252003831
DEU,Germany,1984,8569.045,15686.292,54.62760096522492
DEU,Germany,1985,8710.65,16577.996,52.543443731075826
DEU,Germany,1986,12432.393,17308.672,71.827538242102
DEU,Germany,1987,15467.993,17994.976,85.9572860780698
DEU,Germany,1988,16575.159,19208.526,86.29063469003296
DEU,Germany,1989,16291.592,20537.655,79.32547313702563
DEU,Germany,1990,20323.326,22101.927,91.95273335216427
DEU,Germany,1991,23538.989,23687.138,99.37455930724937
DEU,Germany,1992,26660.209,24553.941,108.5781260124393
DEU,Germany,1993,25697.119,24752.272,103.8172132239012
DEU,Germany,1994,27359.629,25873.148,105.74526532295181
DEU,Germany,1995,31918.986,26761.993,119.26983913343076
DEU,Germany,1996,30778.888,27479.425,112.00703071479843
DEU,Germany,1997,27254.29,28456.301,95.77594080130092
DEU,Germany,1998,27635.979,29404.132,93.98671928149417
DEU,Germany,1999,27216.943,30463.315,89.34333968578272
DEU,Germany,2000,24158.215,32036.804,75.4076936013967
DEU,Germany,2001,24122.365,33270.456,72.50386048210461
DEU,Germany,2002,25752.683,33683.126,76.45573929213103
DEU,Germany,2003,31074.429,34178.51,90.91803299792764
DEU,Germany,2004,35000.452,35546.642,98.46345542287791
DEU,Germany,2005,35592.346,37041.372,96.08808766586722
DEU,Germany,2006,37530.238,39736.308,94.44822604052696
DEU,Germany,2007,43021.701,42086.798,102.22136880073414
DEU,Germany,2008,47146.711,43401.227,108.62990348176102
DEU,Germany,2009,43173.674,41389.105,104.31168782219378
DEU,Germany,2010,43220.097,43736.008,98.8203976000736
DEU,Germany,2011,47621.991,46320.969,102.80871067269773
DEU,Germany,2012,44768.64,47338.617,94.5710771398328
DEU,Germany,2013,47282.485,48255.042,97.98454843330154
DEU,Germany,2014,49108.051,50014.865,98.18691103135039
DEU,Germany,2015,42109.327,50947.606,82.65221922301903
DEU,Germany,2016,43189.577,52237.705,82.67893277470746
DEU,Germany,2017,45881.456,54551.288,84.10700770254957
DEU,Germany,2018,49384.527,56834.111,86.89240692090706
DEU,Germany,2019,48177.607,59953.265,80.35860432288385
DEU,Germany,2020,47953.683,59444.32,80.66991598188018
DEU,Germany,2021,53151.541,63974.512,83.08237036649845
DEU,Germany,2022,50943.628,69311.197,73.49985313339776
DEU,Germany,2023,54793.074,70601.01,77.60947612505828
DEU,Germany,2024,56086.903,71796.542,78.11922613208864
DEU,Germany,2025,60438.79,74003.998,81.66962817333193
DEU,Germany,2026,65302.893,76746.615,85.08895538910738
DEU,Germany,2027,67613.107,79410.352,85.14394571629654
DEU,Germany,2028,69804.854,81765.917,85.37157847810843
DEU,Germany,2029,72087.756,84090.227,85.726675467293
DEU,Germany,2030,74263.697,86280.471,86.0724288350257
DEU,Germany,2031,76425.902,88471.956,86.38432499446492
GRC,Greece,1980,5865.653,9439.035,62.14250715247904
GRC,Greece,1981,5347.26,10049.012,53.211798334005366
GRC,Greece,1982,5545.699,10487.705,52.878098687939826
GRC,Greece,1983,4980.328,10711.413,46.495527714224075
GRC,Greece,1984,4827.409,11262.292,42.863468643860415
GRC,Greece,1985,4765.272,11853.511,40.201354687231486
GRC,Greece,1986,5592.106,12118.251,46.14614765777669
GRC,Greece,1987,6486.385,12094.251,53.63196943737979
GRC,Greece,1988,7526.494,13017.838,57.81677418323995
GRC,Greece,1989,7769.62,13983.282,55.5636366340892
GRC,Greece,1990,9544.71,14416.644,66.20618501781689
GRC,Greece,1991,10139.849,15139.485,66.97618181860216
GRC,Greece,1992,11077.903,15450.379,71.69987868905999
GRC,Greece,1993,10306.392,15468.445,66.6284943315246
GRC,Greece,1994,10968.169,16024.219,68.44744820324784
GRC,Greece,1995,12816.689,16630.593,77.0669392245965
GRC,Greece,1996,13459.426,17084.307,78.78239369030304
GRC,Greece,1997,13070.508,17935.702,72.87424824520389
GRC,Greece,1998,13075.654,18648.41,70.11672308792009
GRC,Greece,1999,13369.562,19316.648,69.2126397913344
GRC,Greece,2000,11826.517,20518.416,57.63854773194967
GRC,Greece,2001,12186.368,21833.789,55.814261097787465
GRC,Greece,2002,13789.85,23100.023,59.69626090848481
GRC,Greece,2003,18036.4,24858.798,72.55539869626843
GRC,Greece,2004,21468.468,26839.562,79.98814585722374
GRC,Greece,2005,22101.329,27933.371,79.12159617254932
GRC,Greece,2006,24452.035,30553.239,80.03090932519463
GRC,Greece,2007,28476.246,32389.394,87.91842786561551
GRC,Greece,2008,31740.794,32957.884,96.30713549449959
GRC,Greece,2009,29426.018,31698.251,92.83167705372767
GRC,Greece,2010,26679.741,30189.969,88.37286649747801
GRC,Greece,2011,25457.905,27759.303,91.70945322366343
GRC,Greece,2012,21557.251,26006.908,82.89048048310856
GRC,Greece,2013,21498.365,26043.07,82.54927318476662
GRC,Greece,2014,21412.642,26894.315,79.61772590229572
GRC,Greece,2015,17921.051,27253.512,65.75684997955493
GRC,Greece,2016,17901.38,27693.158,64.64188735715877
GRC,Greece,2017,18602.048,28645.684,64.93839700249433
GRC,Greece,2018,19867.086,29769.073,66.73733508597999
GRC,Greece,2019,19332.053,31918.392,60.56712694047995
GRC,Greece,2020,17839.122,29478.097,60.516531986444036
GRC,Greece,2021,20456.642,33233.409,61.554449620260144
GRC,Greece,2022,20853.518,38341.94,54.388270390074155
GRC,Greece,2023,23335.57,40795.65,57.20112315896425
GRC,Greece,2024,24688.425,42837.986,57.632086158298854
GRC,Greece,2025,27040.815,44981.338,60.11563061996954
GRC,Greece,2026,29695.96,47174.6,62.94904461299089
GRC,Greece,2027,30965.9,49084.646,63.086733884155954
GRC,Greece,2028,32180.208,50763.257,63.39271729550372
GRC,Greece,2029,33413.247,52572.415,63.55661424342025
GRC,Greece,2030,34703.84,54477.053,63.70359277694407
GRC,Greece,2031,36102.352,56517.03,63.87871407963228
HUN,Hungary,1980,2158.509,6308.111,34.21799331051721
HUN,Hungary,1981,2214.35,7105.52,31.163799412287908
HUN,Hungary,1982,2257.348,7766.742,29.06428461251835
HUN,Hungary,1983,2053.096,8146.948,25.200799121339674
HUN,Hungary,1984,1996.416,8690.834,22.971512285242127
HUN,Hungary,1985,2029.581,8978.098,22.605912744547897
HUN,Hungary,1986,2346.453,9333.735,25.139485961407733
HUN,Hungary,1987,2591.3,10000.493,25.91172255207818
HUN,Hungary,1988,2847.851,10390.997,27.40690811478437
HUN,Hungary,1989,2919.225,10922.547,26.72659591210731
HUN,Hungary,1990,3323.178,10983.973,30.254790320405924
HUN,Hungary,1991,3361.207,10006.708,33.58953813781715
HUN,Hungary,1992,3745.666,9920.673,37.75616835672338
HUN,Hungary,1993,3883.74,10105.68,38.431258460588495
HUN,Hungary,1994,4184.221,10641.098,39.32132755473166
HUN,Hungary,1995,4505.914,11154.603,40.3951086381111
HUN,Hungary,1996,4537.717,11387.959,39.84662220859769
HUN,Hungary,1997,4601.357,11952.459,38.49715778150755
HUN,Hungary,1998,4745.566,12577.559,37.7304213003493
HUN,Hungary,1999,4794.713,13183.805,36.36820326150151
HUN,Hungary,2000,4624.923,14119.628,32.75527513897675
HUN,Hungary,2001,5274.516,15056.41,35.03169746307386
HUN,Hungary,2002,6647.318,16052.982,41.40861803744625
HUN,Hungary,2003,8399.771,17070.04,49.20768199723023
HUN,Hungary,2004,10281.244,18444.486,55.741558750945956
HUN,Hungary,2005,11200.063,19878.242,56.34332754375362
HUN,Hungary,2006,11472.076,21341.758,53.754128408728086
HUN,Hungary,2007,13920.455,22016.85,63.22636980312806
HUN,Hungary,2008,15751.94,22711.303,69.3572711349939
HUN,Hungary,2009,13040.321,21340.896,61.10484302064918
HUN,Hungary,2010,13171.433,21868.008,60.231517200835114
HUN,Hungary,2011,14191.149,22810.775,62.21248072456985
HUN,Hungary,2012,12934.984,23048.898,56.119750280468935
HUN,Hungary,2013,13708.545,24006.991,57.10230407467558
HUN,Hungary,2014,14327.786,25600.22,55.96743309237186
HUN,Hungary,2015,12759.182,26876.189,47.473925711714564
HUN,Hungary,2016,13188.503,27895.521,47.27821000367765
HUN,Hungary,2017,14716.129,29687.587,49.569973470730375
HUN,Hungary,2018,16593.03,32234.892,51.475370229253436
HUN,Hungary,2019,17002.758,35608.218,47.74953354868812
HUN,Hungary,2020,16355.505,35515.348,46.05193506762203
HUN,Hungary,2021,18991.056,39134.22,48.528004391041904
HUN,Hungary,2022,18499.915,43844.448,42.19443018190126
HUN,Hungary,2023,22220.348,45142.17,49.22303912284235
HUN,Hungary,2024,23252.805,46594.775,49.904318670923935
HUN,Hungary,2025,25825.579,48238.64,53.53712086410397
HUN,Hungary,2026,28430.47,50570.446,56.21953581346701
HUN,Hungary,2027,29902.499,52869.671,56.55888987847115
HUN,Hungary,2028,31432.052,55094.642,57.05101414398881
HUN,Hungary,2029,33114.452,57622.553,57.467866791670964
HUN,Hungary,2030,34905.071,60301.655,57.88410119092089
HUN,Hungary,2031,36767.203,63082.46,58.28435194188686
ISL,Iceland,1980,15545.445,12524.042,124.12482327989638
ISL,Iceland,1981,15882.184,14145.382,112.27822620838377
ISL,Iceland,1982,14416.112,15154.404,95.12820167655553
ISL,Iceland,1983,12210.069,15189.581,80.38450171864517
ISL,Iceland,1984,12461.981,16189.774,76.97439754254754
ISL,Iceland,1985,12866.981,17094.662,75.26899917646807
ISL,Iceland,1986,17062.096,18410.131,92.67775443857515
ISL,Iceland,1987,23480.106,20314.783,115.58137736445424
ISL,Iceland,1988,25630.641,20723.397,123.67972779752276
ISL,Iceland,1989,23343.345,21218.191,110.01571717400415
ISL,Iceland,1990,26434.111,22105.929,119.57928119646091
ISL,Iceland,1991,28039.735,22617.041,123.97614259088976
ISL,Iceland,1992,28272.603,22019.74,128.39662502827008
ISL,Iceland,1993,24540.21,22606.257,108.55494565066653
ISL,Iceland,1994,24941.828,23680.531,105.32630370492959
ISL,Iceland,1995,27615.174,24031.66,114.91163739833203
ISL,Iceland,1996,28685.712,25478.776,112.58669568742235
ISL,Iceland,1997,28594.02,26799.753,106.69508782413031
ISL,Iceland,1998,31711.944,28733.944,110.36404887543458
ISL,Iceland,1999,33033.225,29910.637,110.43972416903057
ISL,Iceland,2000,32754.708,31704.859,103.31131893694906
ISL,Iceland,2001,29373.803,33151.636,88.60438441107401
ISL,Iceland,2002,32857.732,33469.767,98.17137956174001
ISL,Iceland,2003,40089.583,34679.753,115.59939022633753
ISL,Iceland,2004,48057.098,38049.951,126.30002598426474
ISL,Iceland,2005,58405.183,41571.437,140.49353886900758
ISL,Iceland,2006,58926.891,44330.528,132.9262105788589
ISL,Iceland,2007,71375.076,48259.495,147.89851406443435
ISL,Iceland,2008,57845.632,48790.333,118.55961712743384
ISL,Iceland,2009,41370.919,44455.274,93.06189182412868
ISL,Iceland,2010,43833.126,44236.583,99.08795622844558
ISL,Iceland,2011,49364.915,46622.09,105.88310176570808
ISL,Iceland,2012,47715.893,47839.735,99.74113150919418
ISL,Iceland,2013,51437.01,49984.568,102.90578084019853
ISL,Iceland,2014,56462.813,51194.938,110.28983568648916
ISL,Iceland,2015,54796.212,53068.524,103.25557952205342
ISL,Iceland,2016,64666.825,56378.313,114.70159633900361
ISL,Iceland,2017,75367.097,58232.23,129.4250572234654
ISL,Iceland,2018,77963.129,59895.049,130.16623293855224
ISL,Iceland,2019,71496.364,63215.358,113.09967429117462
ISL,Iceland,2020,62237.431,58834.905,105.78317582054395
ISL,Iceland,2021,73220.805,65517.388,111.75782068723497
ISL,Iceland,2022,79953.047,75007.408,106.59353406799501
ISL,Iceland,2023,84489.56,79454.085,106.33759107539906
ISL,Iceland,2024,86485.227,78599.726,110.03247899362907
ISL,Iceland,2025,99070.813,80661.656,122.82268665547853
ISL,Iceland,2026,110048.2,82730.279,133.02046279814917
ISL,Iceland,2027,113118.698,84547.97,133.79232878092756
ISL,Iceland,2028,115893.361,86170.825,134.49257448794302
ISL,Iceland,2029,118925.676,88057.881,135.0539834134778
ISL,Iceland,2030,122073.902,90028.427,135.59484050521067
ISL,Iceland,2031,125283.005,91990.651,136.1910190199654
IRL,Ireland,1980,6254.151,8158.694,76.65627611478013
IRL,Ireland,1981,5888.199,9042.233,65.11885946756736
IRL,Ireland,1982,6080.034,9641.99,63.057874982239134
IRL,Ireland,1983,5841.648,9878.345,59.135897764251
IRL,Ireland,1984,5593.549,10488.022,53.33273519067752
IRL,Ireland,1985,5936.393,10996.111,53.986295700361694
IRL,Ireland,1986,7995.636,11263.141,70.98939807288215
IRL,Ireland,1987,9422.435,11942.583,78.89779790519353
IRL,Ireland,1988,10368.508,12791.4,81.05842988257736
IRL,Ireland,1989,10757.96,14124.105,76.16737485313229
IRL,Ireland,1990,13649.034,15799.146,86.39096062534011
IRL,Ireland,1991,13752.472,16507.952,83.30816566464452
IRL,Ireland,1992,15336.662,17346.831,88.41189494496142
IRL,Ireland,1993,14267.233,18069.252,78.95862540408423
IRL,Ireland,1994,15460.16,19478.514,79.37032568295508
IRL,Ireland,1995,19092.733,21701.434,87.97913078002126
IRL,Ireland,1996,20787.855,23943.055,86.82206593937156
IRL,Ireland,1997,22475.598,26692.322,84.20248339578701
IRL,Ireland,1998,24210.028,29050.676,83.33722767759345
IRL,Ireland,1999,26236.98,32193.379,81.49806207046485
IRL,Ireland,2000,26187.495,35499.105,73.76945137067538
IRL,Ireland,2001,28120.751,37632.219,74.72520023334262
IRL,Ireland,2002,32482.159,39779.3,81.65593411648771
IRL,Ireland,2003,40939.423,41110.321,99.58429417274557
IRL,Ireland,2004,47387.991,44217.679,107.16978383238978
IRL,Ireland,2005,50475.16,47072.447,107.22867243336638
IRL,Ireland,2006,53737.841,49518.965,108.519717647572
IRL,Ireland,2007,60769.642,52067.121,116.7140430138244
IRL,Ireland,2008,60989.707,49893.937,122.23871409466045
IRL,Ireland,2009,51943.659,47316.67,109.77877141396468
IRL,Ireland,2010,48580.832,48474.465,100.21942893026257
IRL,Ireland,2011,52552.841,50087.902,104.9212262873378
IRL,Ireland,2012,49310.534,50590.814,97.46934295226008
IRL,Ireland,2013,52462.533,52288.283,100.33324865534408
IRL,Ireland,2014,57111.364,57732.727,98.92372483981227
IRL,Ireland,2015,64093.56,71898.976,89.14391214695463
IRL,Ireland,2016,63870.733,72443.666,88.16606961884011
IRL,Ireland,2017,71831.436,80070.04,89.7107532355423
IRL,Ireland,2018,80475.227,85978.405,93.5993485806116
IRL,Ireland,2019,81525.558,91692.256,88.91215197060917
IRL,Ireland,2020,86216.914,97419.913,88.50029870176542
IRL,Ireland,2021,103624.405,115858.846,89.44021848793487
IRL,Ireland,2022,104719.832,130401.783,80.30552158937888
IRL,Ireland,2023,106501.452,129607.63,82.17220853432781
IRL,Ireland,2024,112355.758,133986.346,83.85612516069362
IRL,Ireland,2025,130652.363,152632.058,85.59955536994725
IRL,Ireland,2026,140185.681,159128.973,88.09563611021358
IRL,Ireland,2027,144104.282,164926.944,87.37461478701746
IRL,Ireland,2028,148083.823,170413.135,86.89695368845834
IRL,Ireland,2029,151488.956,176094.195,86.0272287794609
IRL,Ireland,2030,155252.978,181953.217,85.32576700746104
IRL,Ireland,2031,159213.304,187953.36,84.70894268663248
ISR,Israel,1980,6389.194,7608.551,83.97386046305006
ISR,Israel,1981,6721.629,8659.744,77.61925756696732
ISR,Israel,1982,7076.771,9161.389,77.24561199180606
ISR,Israel,1983,7728.28,9563.196,80.81273247981115
ISR,Israel,1984,7223.064,9998.309,72.24285626699476
ISR,Israel,1985,6596.109,10585.475,62.31282960849654
ISR,Israel,1986,7996.029,11010.855,72.61951047398227
ISR,Israel,1987,9397.154,11934.286,78.74081449028455
ISR,Israel,1988,11450.097,12585.76,90.97660371721692
ISR,Israel,1989,11452.909,13040.33,87.82683413686615
ISR,Israel,1990,13102.701,13986.111,93.68366231327634
ISR,Israel,1991,13995.633,14243.817,98.25760187736195
ISR,Israel,1992,15098.393,15071.007,100.18171313967275
ISR,Israel,1993,14783.921,15597.694,94.7827351914969
ISR,Israel,1994,16451.789,16619.082,98.99336798506681
ISR,Israel,1995,19025.207,18111.654,105.04400647229679
ISR,Israel,1996,20249.419,19039.018,106.35747600007521
ISR,Israel,1997,20501.524,19578.258,104.71577195478781
ISR,Israel,1998,20188.27,20113.836,100.37006367159402
ISR,Israel,1999,19833.438,20552.136,96.50304961002594
ISR,Israel,2000,21700.839,22211.691,97.70007605454263
ISR,Israel,2001,20957.718,22240.999,94.23011079673175
ISR,Israel,2002,19068.604,22104.809,86.26450470574072
ISR,Israel,2003,19631.733,22452.706,87.43593311202669
ISR,Israel,2004,20558.752,23706.346,86.72256787275441
ISR,Israel,2005,21271.627,25069.214,84.85159127845013
ISR,Israel,2006,22506.243,26804.366,83.96483990705094
ISR,Israel,2007,25702.988,28760.596,89.3687599519843
ISR,Israel,2008,30240.201,29717.653,101.75837573714183
ISR,Israel,2009,28482.937,29555.792,96.3700685131361
ISR,Israel,2010,31410.39,30998.804,101.32774799956799
ISR,Israel,2011,34488.9,32771.029,105.24204168260935
ISR,Israel,2012,33282.519,33562.57,99.1655853529691
ISR,Israel,2013,36996.131,34873.157,106.08770235513809
ISR,Israel,2014,38282.313,36100.925,106.04247121091772
ISR,Israel,2015,36152.474,36518.451,98.99782989152524
ISR,Israel,2016,37582.521,37785.733,99.46219913214335
ISR,Israel,2017,41030.159,39366.945,104.2248998493533
ISR,Israel,2018,42285.344,40116.636,105.40600662528135
ISR,Israel,2019,44106.474,41190.549,107.07911176420592
ISR,Israel,2020,44594.51,40972.688,108.83960066276346
ISR,Israel,2021,52280.982,46260.657,113.0139202303158
ISR,Israel,2022,54983.858,51690.282,106.37175088346393
ISR,Israel,2023,52146.476,53074.32,98.25180237824998
ISR,Israel,2024,54294.192,54126.235,100.31030608354709
ISR,Israel,2025,60334.813,56527.76,106.73483789203746
ISR,Israel,2026,69803.854,59094.707,118.12200710293732
ISR,Israel,2027,72459.479,61898.298,117.0621508849888
ISR,Israel,2028,74719.522,64095.735,116.57487350757425
ISR,Israel,2029,76885.671,66299.472,115.96724480701748
ISR,Israel,2030,79014.913,68571.014,115.23077812441275
ISR,Israel,2031,81204.244,70895.527,114.5407156646145
ITA,Italy,1980,8511.792,11054.487,76.99852557608507
ITA,Italy,1981,7706.659,12652.067,60.9122525196871
ITA,Italy,1982,7610.37,13478.779,56.46186498050009
ITA,Italy,1983,7892.058,14160.581,55.732586113521755
ITA,Italy,1984,7797.171,15144.394,51.48552659155593
ITA,Italy,1985,8048.61,16053.847,50.13508600150482
ITA,Italy,1986,11397.445,16842.62,67.67026151513245
ITA,Italy,1987,14305.851,17811.983,80.31588060689256
ITA,Italy,1988,15845.543,19208.529,82.49222519850427
ITA,Italy,1989,16468.564,20623.701,79.8526122930118
ITA,Italy,1990,20536.935,21817.267,94.13156560810299
ITA,Italy,1991,21674.463,22858.812,94.81885147837077
ITA,Italy,1992,22988.054,23562.843,97.56061269856103
ITA,Italy,1993,18469.667,23895.24,77.2943356082634
ITA,Italy,1994,19043.086,24921.218,76.4131432099346
ITA,Italy,1995,20723.0,26177.275,79.1640841149432
ITA,Italy,1996,23135.785,27063.078,85.48837275641743
ITA,Italy,1997,21913.178,28044.013,78.13852461129582
ITA,Italy,1998,22395.147,28856.737,77.60803655659335
ITA,Italy,1999,22074.674,29753.628,74.19153724715521
ITA,Italy,2000,20205.515,31600.849,63.93978528868006
ITA,Italy,2001,20576.476,32939.176,62.46809574107136
ITA,Italy,2002,22473.536,33522.212,67.04073108302042
ITA,Italy,2003,27673.263,34091.27,81.17404543743896
ITA,Italy,2004,31451.559,35261.512,89.19515135936315
ITA,Italy,2005,32148.046,36371.571,88.38784005233097
ITA,Italy,2006,33602.692,38007.707,88.41020585640696
ITA,Italy,2007,37989.414,39458.233,96.2775347796238
ITA,Italy,2008,40969.031,39475.586,103.78321172990313
ITA,Italy,2009,37143.445,37346.742,99.45564997343008
ITA,Italy,2010,35963.743,38205.263,94.13295492822547
ITA,Italy,2011,38475.847,39095.64,98.41467488446283
ITA,Italy,2012,34926.415,38478.405,90.7688741256297
ITA,Italy,2013,35722.52,38312.128,93.24076177653197
ITA,Italy,2014,36022.586,38934.542,92.52089314419058
ITA,Italy,2015,30609.504,39677.061,77.14660115576605
ITA,Italy,2016,31357.601,40638.076,77.1631043753154
ITA,Italy,2017,32797.28,42097.109,77.90862788226147
ITA,Italy,2018,35042.793,43539.369,80.48530285314884
ITA,Italy,2019,33766.987,46593.558,72.47136395979892
ITA,Italy,2020,31956.874,44284.701,72.16233434657265
ITA,Italy,2021,36812.907,50377.31,73.07438011279285
ITA,Italy,2022,35672.007,56759.28,62.84788496259994
ITA,Italy,2023,39282.374,59435.719,66.09219954081821
ITA,Italy,2024,40404.749,61415.223,65.78946884227712
ITA,Italy,2025,43270.357,63537.964,68.10157939590259
ITA,Italy,2026,46505.094,65760.631,70.71874660083478
ITA,Italy,2027,47715.179,67624.716,70.55878652414599
ITA,Italy,2028,49175.415,69414.573,70.8430706618335
ITA,Italy,2029,50593.05,71298.099,70.9598863217938
ITA,Italy,2030,52068.428,73276.087,71.05787185388324
ITA,Italy,2031,53588.949,75286.716,71.17982008937672
JPN,Japan,1980,9892.85,8960.063,110.4104959976286
JPN,Japan,1981,10828.422,10151.447,106.66875372545412
JPN,Japan,1982,10005.863,11054.434,90.5144759107522
JPN,Japan,1983,10898.703,11822.516,92.18598646853174
JPN,Japan,1984,11466.663,12706.491,90.24256185283569
JPN,Japan,1985,12082.944,13699.044,88.20282641620831
JPN,Japan,1986,17855.936,14358.506,124.35789628809573
JPN,Japan,1987,21631.572,15324.544,141.15638285876565
JPN,Japan,1988,26088.886,16850.389,154.8266096408813
JPN,Japan,1989,25851.796,18302.019,141.2510608802231
JPN,Japan,1990,26399.375,19839.95,133.06170126436808
JPN,Japan,1991,30109.47,21149.737,142.3633305700208
JPN,Japan,1992,32739.035,21749.579,150.52721250374546
JPN,Japan,1993,37193.336,22091.266,168.36217535020404
JPN,Japan,1994,40794.532,22707.632,179.65119392458007
JPN,Japan,1995,44960.297,23666.145,189.97727344271743
JPN,Japan,1996,39944.293,24786.295,161.1547550773522
JPN,Japan,1997,36344.336,25496.562,142.54602640152035
JPN,Japan,1998,32848.466,25258.404,130.0496500095572
JPN,Japan,1999,37041.579,25478.715,145.3824457002639
JPN,Japan,2000,39756.595,26780.194,148.45521656788597
JPN,Japan,2001,34914.729,27396.094,127.44418602155474
JPN,Japan,2002,33327.592,27786.915,119.93987817647263
JPN,Japan,2003,35832.143,28673.864,124.9644728732758
JPN,Japan,2004,38685.774,30043.486,128.76592949300223
JPN,Japan,2005,38164.951,31553.96,120.95138296429356
JPN,Japan,2006,36385.087,33031.502,110.15268697136449
JPN,Japan,2007,36198.824,34509.762,104.89444696836796
JPN,Japan,2008,40411.185,34781.933,116.18441390247058
JPN,Japan,2009,41840.391,32955.663,126.9596396831707
JPN,Japan,2010,45547.297,34724.052,131.16930305253544
JPN,Japan,2011,49122.91,35304.05,139.14242133692875
JPN,Japan,2012,49656.729,36634.348,135.54691624373936
JPN,Japan,2013,41405.718,38067.412,108.76945876961639
JPN,Japan,2014,39221.081,39146.82,100.18969867795136
JPN,Japan,2015,35710.561,40266.283,88.68601305961118
JPN,Japan,2016,40251.686,40941.074,98.3161457855258
JPN,Japan,2017,39750.616,42422.386,93.70198083625
JPN,Japan,2018,40746.901,43197.592,94.32678793762393
JPN,Japan,2019,41560.163,43886.4,94.69941257428269
JPN,Japan,2020,41233.597,43702.701,94.35022563021906
JPN,Japan,2021,41643.614,46312.108,89.91949578283071
JPN,Japan,2022,35565.979,50439.098,70.51271812989202
JPN,Japan,2023,35224.682,52927.939,66.55215121828189
JPN,Japan,2024,33820.26,54368.995,62.20504903576018
JPN,Japan,2025,35973.152,56853.535,63.273377811951356
JPN,Japan,2026,35703.432,59207.391,60.302322728593126
JPN,Japan,2027,37390.799,61212.91,61.08319143788459
JPN,Japan,2028,39104.224,62957.239,62.112355340106326
JPN,Japan,2029,40397.949,64844.201,62.30001816199417
JPN,Japan,2030,41720.207,66840.517,62.41754084577173
JPN,Japan,2031,43038.105,68886.625,62.47672171484668
KOR,Korea,1980,1744.756,2199.594,79.3217293736935
KOR,Korea,1981,1918.418,2545.929,75.35237628386336
KOR,Korea,1982,2032.027,2887.205,70.38041981778225
KOR,Korea,1983,2245.56,3354.484,66.9420393717782
KOR,Korea,1984,2468.702,3798.079,64.99870065893838
KOR,Korea,1985,2542.884,4187.799,60.721252381024016
KOR,Korea,1986,2910.824,4716.389,61.717216285594766
KOR,Korea,1987,3657.733,5402.889,67.69957702258921
KOR,Korea,1988,4888.718,6210.971,78.71100992099304
KOR,Korea,1989,5989.211,6848.918,87.44755010937494
KOR,Korea,1990,6812.886,7740.889,88.0116741113327
KOR,Korea,1991,7872.91,8785.62,89.6113194060294
KOR,Korea,1992,8386.948,9457.791,88.67766268042931
KOR,Korea,1993,9181.481,10254.474,89.53634286848843
KOR,Korea,1994,10729.637,11340.33,94.61485688688073
KOR,Korea,1995,13002.046,12578.1,103.37050905939688
KOR,Korea,1996,13864.865,13700.676,101.19840072124909
KOR,Korea,1997,12840.576,14674.224,87.50429324235475
KOR,Korea,1998,8572.751,14004.804,61.21293093427084
KOR,Korea,1999,11056.713,15740.69,70.24287372408706
KOR,Korea,2000,12716.99,17432.121,72.95147848044424
KOR,Korea,2001,11983.382,18524.335,64.6899443353837
KOR,Korea,2002,13637.337,20152.219,67.67163953508047
KOR,Korea,2003,15211.145,21072.419,72.1850918017528
KOR,Korea,2004,17107.739,22670.69,75.46192462602595
KOR,Korea,2005,20162.881,24348.952,82.80800339989992
KOR,Korea,2006,22596.681,26277.959,85.99100485696016
KOR,Korea,2007,25075.287,28422.675,88.22282561370456
KOR,Korea,2008,22291.166,29614.869,75.27018269099891
KOR,Korea,2009,19933.009,29887.594,66.6932540638768
KOR,Korea,2010,24069.073,32202.01,74.74400821563624
KOR,Korea,2011,26177.945,33817.494,77.40947629058499
KOR,Korea,2012,26600.549,35139.529,75.69978812180436
KOR,Korea,2013,28449.357,36746.215,77.42119018244465
KOR,Korea,2014,30667.091,38346.444,79.9737545416206
KOR,Korea,2015,30171.791,39623.062,76.14704537473656
KOR,Korea,2016,30825.524,41104.719,74.99266446755178
KOR,Korea,2017,33296.984,43155.911,77.15509469838325
KOR,Korea,2018,35363.952,45511.086,77.70403896756055
KOR,Korea,2019,33826.944,46511.218,72.72857055689232
KOR,Korea,2020,33653.202,47881.49,70.28436667279986
KOR,Korea,2021,37518.465,51880.379,72.31725311798512
KOR,Korea,2022,34822.406,57193.172,60.88560012023814
KOR,Korea,2023,35674.095,60201.551,59.25776729572965
KOR,Korea,2024,36238.64,62885.478,57.62640462079337
KOR,Korea,2025,36226.965,65404.674,55.388954312347764
KOR,Korea,2026,37412.075,68624.312,54.5172314441564
KOR,Korea,2027,39011.816,71731.722,54.385723515741056
KOR,Korea,2028,40694.633,74585.014,54.5614069335698
KOR,Korea,2029,42453.457,77526.271,54.76009158237471
KOR,Korea,2030,44177.222,80547.497,54.84617603946154
KOR,Korea,2031,46019.171,83696.104,54.98364774541955
LVA,Latvia,1992,613.21,5883.766,10.422066411206702
LVA,Latvia,1993,990.424,5352.626,18.503515844372462
LVA,Latvia,1994,1671.292,5674.845,29.450883680523432
LVA,Latvia,1995,2096.127,5960.71,35.165726901661046
LVA,Latvia,1996,2348.382,6287.519,37.34989906193524
LVA,Latvia,1997,2597.492,7052.853,36.828954183505594
LVA,Latvia,1998,2882.142,7675.008,37.55229961975284
LVA,Latvia,1999,3053.207,8074.837,37.81137625440612
LVA,Latvia,2000,3260.181,8804.426,37.02888751634689
LVA,Latvia,2001,3480.782,9699.673,35.885560265794524
LVA,Latvia,2002,3987.891,10753.669,37.08400360844285
LVA,Latvia,2003,4892.173,12001.825,40.76190912632037
LVA,Latvia,2004,6075.411,13534.489,44.88836630625656
LVA,Latvia,2005,7259.743,15765.851,46.04726379819269
LVA,Latvia,2006,9180.485,18516.215,49.58078635401458
LVA,Latvia,2007,13338.82,21179.44,62.980041020914626
LVA,Latvia,2008,15647.205,21017.954,74.44685148706672
LVA,Latvia,2009,11909.596,17993.378,66.18877233613387
LVA,Latvia,2010,11086.477,17895.518,61.951137709453285
LVA,Latvia,2011,12933.575,19235.69,67.23738529785
LVA,Latvia,2012,13270.873,21331.552,62.21241192389565
LVA,Latvia,2013,14407.0,22379.053,64.37716555745232
LVA,Latvia,2014,15131.397,23505.494,64.37387361439842
LVA,Latvia,2015,13265.841,24811.753,53.465956234531276
LVA,Latvia,2016,13768.519,25910.247,53.13928115004075
LVA,Latvia,2017,15066.124,27534.194,54.717868262277804
LVA,Latvia,2018,17195.706,29706.772,57.88480148566797
LVA,Latvia,2019,17241.515,32096.046,53.71850164970476
LVA,Latvia,2020,17483.696,32617.399,53.602361120210716
LVA,Latvia,2021,20181.834,35438.975,56.94813125943964
LVA,Latvia,2022,20276.131,39044.216,51.93120281887591
LVA,Latvia,2023,22725.284,39953.176,56.87979348625502
LVA,Latvia,2024,23499.359,41173.135,57.07449529893703
LVA,Latvia,2025,26116.424,43509.366,60.02483235448661
LVA,Latvia,2026,28912.654,45840.213,63.072686856843355
LVA,Latvia,2027,30618.88,48054.773,63.71662602588925
LVA,Latvia,2028,32334.816,50106.461,64.53222868803286
LVA,Latvia,2029,34016.679,52316.159,65.02136175555242
LVA,Latvia,2030,35760.719,54648.591,65.43758648781997
LVA,Latvia,2031,37605.314,57065.186,65.89887221256056
LTU,Lithuania,1995,1857.7,7024.035,26.44776115153185
LTU,Lithuania,1996,2343.379,7584.832,30.895595314438072
LTU,Lithuania,1997,2841.519,8422.886,33.73569344284132
LTU,Lithuania,1998,3179.097,9237.368,34.41561492407794
LTU,Lithuania,1999,3126.07,9332.135,33.49790803497806
LTU,Lithuania,2000,3297.833,9932.29,33.20314851861957
LTU,Lithuania,2001,3532.166,10920.139,32.345430767868436
LTU,Lithuania,2002,4148.234,11910.751,34.82764436936009
LTU,Lithuania,2003,5505.057,13534.564,40.674062348813
LTU,Lithuania,2004,6724.743,14942.114,45.00529844706044
LTU,Lithuania,2005,7860.969,16944.841,46.39151822079653
LTU,Lithuania,2006,9216.84,19045.533,48.393709958130344
LTU,Lithuania,2007,12306.172,21991.733,55.95817300983056
LTU,Lithuania,2008,15009.647,23143.191,64.85556378115706
LTU,Lithuania,2009,11884.94,20130.012,59.04089873369177
LTU,Lithuania,2010,11846.807,20865.304,56.77754323636982
LTU,Lithuania,2011,14266.787,23161.949,61.59579662315983
LTU,Lithuania,2012,14297.004,24946.755,57.31007499773016
LTU,Lithuania,2013,15642.218,26654.868,58.68428236073051
LTU,Lithuania,2014,16473.748,28370.98,58.06548804447361
LTU,Lithuania,2015,14272.196,29713.299,48.033023865845394
LTU,Lithuania,2016,14927.805,31141.159,47.935932635005656
LTU,Lithuania,2017,16795.91,33594.855,49.99548293927745
LTU,Lithuania,2018,19258.849,36497.425,52.767692515293874
LTU,Lithuania,2019,19612.26,40566.564,48.34587420319848
LTU,Lithuania,2020,20407.379,41252.754,49.46913120030726
LTU,Lithuania,2021,23893.846,46465.219,51.423078410541876
LTU,Lithuania,2022,24963.397,50567.656,49.36633210762231
LTU,Lithuania,2023,27995.627,52136.138,53.69716299277864
LTU,Lithuania,2024,29598.462,54710.469,54.1001796201016
LTU,Lithuania,2025,32839.049,57818.478,56.796806377366075
LTU,Lithuania,2026,36544.685,61051.561,59.85872335025143
LTU,Lithuania,2027,38088.27,63740.966,59.754773719620125
LTU,Lithuania,2028,40256.04,66587.998,60.45539918469992
LTU,Lithuania,2029,42299.154,69674.008,60.71009148777547
LTU,Lithuania,2030,44689.305,72923.296,61.2826181087591
LTU,Lithuania,2031,46955.206,76276.798,61.558963185633466
LUX,Luxembourg,1980,17666.822,17414.56,101.44856947290084
LUX,Luxembourg,1981,15190.151,19156.444,79.29525438019708
LUX,Luxembourg,1982,12464.077,20534.753,60.69747710138027
LUX,Luxembourg,1983,12234.721,21741.432,56.27375878460995
LUX,Luxembourg,1984,11984.326,23572.178,50.8409787165191
LUX,Luxembourg,1985,12393.837,25629.352,48.35798033442281
LUX,Luxembourg,1986,17950.08,28622.757,62.71261709694842
LUX,Luxembourg,1987,22149.615,30293.566,73.11656541194259
LUX,Luxembourg,1988,24875.596,33725.087,73.75991646811764
LUX,Luxembourg,1989,26227.017,38104.461,68.8292559760916
LUX,Luxembourg,1990,33067.032,41164.698,80.32861555306442
LUX,Luxembourg,1991,35346.644,45614.874,77.48929439112338
LUX,Luxembourg,1992,39061.19,46861.676,83.35423171804611
LUX,Luxembourg,1993,39483.229,49284.226,80.11331861029937
LUX,Luxembourg,1994,43307.076,51509.453,84.07597727741353
LUX,Luxembourg,1995,50705.305,53092.714,95.50332085114353
LUX,Luxembourg,1996,49719.082,54097.291,91.90678697755864
LUX,Luxembourg,1997,44202.752,57556.254,76.79921629368026
LUX,Luxembourg,1998,45636.752,61218.355,74.54749805021711
LUX,Luxembourg,1999,49341.44,66477.746,74.22249244130509
LUX,Luxembourg,2000,48984.386,72668.367,67.40812821622922
LUX,Luxembourg,2001,48719.11,75646.514,64.40364191798713
LUX,Luxembourg,2002,53227.765,78407.062,67.88644242275012
LUX,Luxembourg,2003,66160.728,81262.084,81.41647954782947
LUX,Luxembourg,2004,77030.646,85696.869,89.88735166042062
LUX,Luxembourg,2005,81728.362,89360.396,91.45926569081006
LUX,Luxembourg,2006,91478.072,96013.881,95.27588203626516
LUX,Luxembourg,2007,108344.137,105012.175,103.17292923415783
LUX,Luxembourg,2008,121615.841,105035.3,115.78568443180531
LUX,Luxembourg,2009,110249.419,100250.145,109.9743237279108
LUX,Luxembourg,2010,112049.15,103480.852,108.28008064719066
LUX,Luxembourg,2011,120526.518,104696.487,115.11992565710443
LUX,Luxembourg,2012,113953.492,105699.291,107.80913563554554
LUX,Luxembourg,2013,121423.168,108408.95,112.00474499568533
LUX,Luxembourg,2014,125200.378,110575.214,113.22643969741716
LUX,Luxembourg,2015,106710.076,111436.51,95.75863063191767
LUX,Luxembourg,2016,107948.007,115390.219,93.55039615619414
LUX,Luxembourg,2017,111211.579,116089.425,95.79819953453985
LUX,Luxembourg,2018,118135.266,117790.552,100.29264995718843
LUX,Luxembourg,2019,113830.259,122579.114,92.8626870316586
LUX,Luxembourg,2020,117570.398,122907.129,95.65791582358091
LUX,Luxembourg,2021,136190.678,140411.353,96.99406429051362
LUX,Luxembourg,2022,125295.365,146288.849,85.64929306402568
LUX,Luxembourg,2023,134402.55,148310.782,90.622238105386
LUX,Luxembourg,2024,138757.218,149986.359,92.51322515269538
LUX,Luxembourg,2025,148246.975,152966.479,96.91468089554445
LUX,Luxembourg,2026,158733.346,156719.076,101.28527429551714
LUX,Luxembourg,2027,161340.18,159626.73,101.0734104494905
LUX,Luxembourg,2028,164639.743,162471.863,101.33431103698243
LUX,Luxembourg,2029,168140.316,165475.441,101.61043535155166
LUX,Luxembourg,2030,171698.231,168565.839,101.85826026114341
LUX,Luxembourg,2031,175281.024,171591.31,102.15029187666904
MEX,Mexico,1980,3557.305,6486.052,54.84545914833861
MEX,Mexico,1981,4461.156,7596.879,58.723536336435004
MEX,Mexico,1982,3162.5,7875.467,40.156348823504686
MEX,Mexico,1983,2519.488,7627.479,33.03172647214105
MEX,Mexico,1984,2904.686,7997.262,36.321005864257046
MEX,Mexico,1985,3015.01,8224.861,36.657276031777315
MEX,Mexico,1986,2043.27,7889.909,25.897256863165342
MEX,Mexico,1987,2194.692,8082.756,27.152768189464087
MEX,Mexico,1988,2631.484,8301.21,31.700005179967743
MEX,Mexico,1989,3144.69,8766.114,35.873250108314814
MEX,Mexico,1990,3640.26,9388.919,38.77187565469465
MEX,Mexico,1991,4281.697,9902.055,43.24048896920892
MEX,Mexico,1992,4873.452,10294.824,47.33885688575152
MEX,Mexico,1993,5933.292,10645.48,55.73531677294026
MEX,Mexico,1994,6086.828,11152.282,54.579215267332735
MEX,Mexico,1995,4109.778,10533.25,39.017188427123635
MEX,Mexico,1996,4597.153,11211.424,41.00418466021801
MEX,Mexico,1997,5484.708,12042.276,45.545443402891614
MEX,Mexico,1998,5759.186,12748.997,45.17363993418463
MEX,Mexico,1999,6435.62,13111.388,49.08420069637173
MEX,Mexico,2000,7467.739,13900.842,53.72148679914497
MEX,Mexico,2001,7902.129,13957.268,56.61658857593047
MEX,Mexico,2002,7934.694,13942.988,56.908131886795
MEX,Mexico,2003,7390.343,14189.513,52.08313350852845
MEX,Mexico,2004,7806.561,14891.8,52.421876468929206
MEX,Mexico,2005,8626.151,15476.879,55.73572682192579
MEX,Mexico,2006,9456.912,16486.01,57.36325526916459
MEX,Mexico,2007,10063.621,17023.663,59.11548531006516
MEX,Mexico,2008,10438.499,17241.841,60.54167301508
MEX,Mexico,2009,8346.772,16003.763,52.15505878211268
MEX,Mexico,2010,9632.818,16747.819,57.5168504030286
MEX,Mexico,2011,10554.35,17425.431,60.568659679063316
MEX,Mexico,2012,10631.077,18129.239,58.64050333276537
MEX,Mexico,2013,11099.184,18355.915,60.46652536798083
MEX,Mexico,2014,11272.395,18913.756,59.59892366169892
MEX,Mexico,2015,9915.089,19393.676,51.12537200270852
MEX,Mexico,2016,8999.57,19728.461,45.61719233953424
MEX,Mexico,2017,9542.783,20262.587,47.09558063834593
MEX,Mexico,2018,9970.967,20685.338,48.20306537896553
MEX,Mexico,2019,10251.145,20724.883,49.46298128679423
MEX,Mexico,2020,8744.029,19141.257,45.681581935815395
MEX,Mexico,2021,10207.315,20814.061,49.04047797303947
MEX,Mexico,2022,11287.534,22947.575,49.1883521461418
MEX,Mexico,2023,13683.652,24316.159,56.27390411454375
MEX,Mexico,2024,13838.574,25038.884,55.26833384427198
MEX,Mexico,2025,13741.296,25681.595,53.50639631222281
MEX,Mexico,2026,15779.319,26642.547,59.226015440640865
MEX,Mexico,2027,16411.669,27620.526,59.41837964997481
MEX,Mexico,2028,17070.678,28469.528,59.961225911437666
MEX,Mexico,2029,17753.135,29370.199,60.44608346031295
MEX,Mexico,2030,18463.785,30328.407,60.87950811264172
MEX,Mexico,2031,19212.67,31318.429,61.34621248083676
NLD,Netherlands,1980,13769.867,12159.352,113.24507259926351
NLD,Netherlands,1981,11445.836,13131.822,87.16106569217888
NLD,Netherlands,1982,11029.128,13689.968,80.56357765043717
NLD,Netherlands,1983,10697.422,14421.976,74.17445431888113
NLD,Netherlands,1984,9918.904,15349.494,64.62039725869792
NLD,Netherlands,1985,10022.158,16188.863,61.90773249486391
NLD,Netherlands,1986,13894.771,16942.432,82.01166751030784
NLD,Netherlands,1987,16919.255,17579.808,96.24254713134523
NLD,Netherlands,1988,17981.469,18905.124,95.11426108604208
NLD,Netherlands,1989,17622.133,20401.554,86.3764250507584
NLD,Netherlands,1990,21612.043,21920.076,98.59474483573871
NLD,Netherlands,1991,22088.922,23034.699,95.89412043109397
NLD,Netherlands,1992,24226.072,23746.161,102.02100457417096
NLD,Netherlands,1993,23389.286,24438.533,95.70658762537015
NLD,Netherlands,1994,24970.81,25539.795,97.77216301070546
NLD,Netherlands,1995,29393.998,26747.917,109.89266192204798
NLD,Netherlands,1996,29141.033,28041.152,103.922381648229
NLD,Netherlands,1997,26852.99,29595.886,90.73217135651895
NLD,Netherlands,1998,28057.363,31147.056,90.08030486091528
NLD,Netherlands,1999,28440.146,32956.106,86.29704613767173
NLD,Netherlands,2000,26338.584,34897.816,75.47344510040399
NLD,Netherlands,2001,27055.556,36233.07,74.67089043241437
NLD,Netherlands,2002,29505.471,36616.016,80.58077918690006
NLD,Netherlands,2003,35960.302,37174.005,96.73507602960726
NLD,Netherlands,2004,40652.199,38785.378,104.81320821470402
NLD,Netherlands,2005,42225.811,40694.418,103.76315247953664
NLD,Netherlands,2006,45158.785,43357.67,104.15408623203231
NLD,Netherlands,2007,52182.448,46193.838,112.96408841369707
NLD,Netherlands,2008,58383.013,47946.176,121.7678193981518
NLD,Netherlands,2009,53257.987,46244.648,115.16573117823276
NLD,Netherlands,2010,51472.808,47167.864,109.1268580659069
NLD,Netherlands,2011,54814.546,48758.716,112.41999481692669
NLD,Netherlands,2012,50580.212,48961.992,103.30505343818528
NLD,Netherlands,2013,52680.978,49633.383,106.14021212295765
NLD,Netherlands,2014,53584.489,51160.415,104.73818283139416
NLD,Netherlands,2015,45904.668,52507.542,87.42490364527062
NLD,Netherlands,2016,46936.707,54041.11,86.85370637279657
NLD,Netherlands,2017,49640.48,56200.904,88.32683545446173
NLD,Netherlands,2018,54138.331,58992.326,91.77181960921493
NLD,Netherlands,2019,53755.165,62571.485,85.91000357431184
NLD,Netherlands,2020,53529.218,62718.576,85.34826747341968
NLD,Netherlands,2021,60380.434,69551.931,86.81345453945772
NLD,Netherlands,2022,59540.881,77716.51,76.61291146501561
NLD,Netherlands,2023,63768.728,79115.736,80.60182616515127
NLD,Netherlands,2024,67690.232,81354.404,83.20413975376184
NLD,Netherlands,2025,73832.752,84737.983,87.1306460055817
NLD,Netherlands,2026,79917.5,87773.181,91.05002130434352
NLD,Netherlands,2027,82327.844,90552.292,90.91746015661315
NLD,Netherlands,2028,84750.287,92898.427,91.22897958218388
NLD,Netherlands,2029,87242.889,95375.597,91.47296766068997
NLD,Netherlands,2030,89683.819,97888.884,91.61798085265738
NLD,Netherlands,2031,92175.614,100431.188,91.779870213225
NZL,New Zealand,1980,7255.078,9767.966,74.274193829094
NZL,New Zealand,1981,7511.57,10951.065,68.59214149491396
NZL,New Zealand,1982,7378.887,11869.792,62.16525950918095
NZL,New Zealand,1983,7072.295,12202.622,57.957175105481426
NZL,New Zealand,1984,6968.541,13375.496,52.09930906487506
NZL,New Zealand,1985,6951.336,13831.583,50.2569807085711
NZL,New Zealand,1986,8382.974,14235.969,58.88586860508056
NZL,New Zealand,1987,11202.136,14812.275,75.62738336953642
NZL,New Zealand,1988,13659.06,15278.693,89.39940085189224
NZL,New Zealand,1989,13111.535,15784.716,83.06475073735885
NZL,New Zealand,1990,13425.022,16184.099,82.95192707360478
NZL,New Zealand,1991,12426.453,16086.792,77.24630864873494
NZL,New Zealand,1992,11750.76,16396.492,71.66630520723581
NZL,New Zealand,1993,12538.336,17460.805,71.80846473000528
NZL,New Zealand,1994,14612.26,18577.039,78.65763752770289
NZL,New Zealand,1995,16932.664,19604.852,86.36976193444357
NZL,New Zealand,1996,18506.076,20450.327,90.49281216872474
NZL,New Zealand,1997,18206.677,21036.909,86.54635051185514
NZL,New Zealand,1998,14889.47,21172.609,70.32420992613616
NZL,New Zealand,1999,15348.777,22311.343,68.79360422185253
NZL,New Zealand,2000,14021.862,23636.836,59.32207677880407
NZL,New Zealand,2001,13669.239,24610.384,55.54256690996776
NZL,New Zealand,2002,15706.932,25741.886,61.017021052769806
NZL,New Zealand,2003,20460.331,26890.981,76.08622013454995
NZL,New Zealand,2004,24848.791,28519.802,87.12820306396237
NZL,New Zealand,2005,27385.166,30012.541,91.24574290460778
NZL,New Zealand,2006,26220.849,31434.404,83.4144938774726
NZL,New Zealand,2007,31908.027,33088.761,96.4316161611491
NZL,New Zealand,2008,31819.378,33389.708,95.29696396266777
NZL,New Zealand,2009,28340.557,32909.346,86.11704711482265
NZL,New Zealand,2010,33480.853,33514.904,99.89840042507656
NZL,New Zealand,2011,38107.502,34523.792,110.38040664826158
NZL,New Zealand,2012,39747.749,35858.686,110.8455256837911
NZL,New Zealand,2013,42102.564,36943.008,113.96625851365431
NZL,New Zealand,2014,44300.304,38381.743,115.42025071659721
NZL,New Zealand,2015,38235.258,39339.549,97.19292409783347
NZL,New Zealand,2016,39431.448,40375.756,97.66120044910119
NZL,New Zealand,2017,42297.643,41582.604,101.71956282487744
NZL,New Zealand,2018,42744.098,41960.309,101.86792952358859
NZL,New Zealand,2019,42389.97,44754.474,94.71672038866996
NZL,New Zealand,2020,41600.502,44976.123,92.4946376547396
NZL,New Zealand,2021,49115.964,47685.979,102.99875357492398
NZL,New Zealand,2022,48165.092,52354.116,91.99867303651922
NZL,New Zealand,2023,48787.26,54312.306,89.8272667708125
NZL,New Zealand,2024,48929.398,54549.238,89.69767460363059
NZL,New Zealand,2025,48620.65,55839.935,87.07146596785975
NZL,New Zealand,2026,52023.009,58307.536,89.22175857336863
NZL,New Zealand,2027,53899.683,60637.641,88.8881594189985
NZL,New Zealand,2028,55689.744,62708.856,88.80682498816435
NZL,New Zealand,2029,57630.631,64895.637,88.80509332237543
NZL,New Zealand,2030,59607.203,67126.124,88.79881549543961
NZL,New Zealand,2031,61564.135,69408.186,88.69866588935201
NOR,Norway,1980,15682.145,13353.643,117.43720421461022
NOR,Norway,1981,15435.005,14808.51,104.23064170534376
NOR,Norway,1982,15149.197,15702.625,96.47557016740832
NOR,Norway,1983,14855.521,16912.015,87.84004153260273
NOR,Norway,1984,14922.505,18535.46,80.50787517547447
NOR,Norway,1985,15678.892,20120.204,77.92610850267721
NOR,Norway,1986,18791.999,21280.287,88.30707499386638
NOR,Norway,1987,22369.593,22059.674,101.40491196742074
NOR,Norway,1988,24047.721,22641.455,106.21102309900137
NOR,Norway,1989,24149.373,23701.765,101.8885007087025
NOR,Norway,1990,28082.042,24971.868,112.454711037236
NOR,Norway,1991,28345.343,26404.182,107.35171799679308
NOR,Norway,1992,30237.7,27804.521,108.75101930365929
NOR,Norway,1993,27710.102,29108.064,95.19733775492593
NOR,Norway,1994,29050.805,31058.373,93.5361456313246
NOR,Norway,1995,34573.453,32863.522,105.20312765016484
NOR,Norway,1996,36976.633,34946.274,105.80994414454601
NOR,Norway,1997,36257.088,37184.768,97.50521503858786
NOR,Norway,1998,34445.101,38390.586,89.72277995443987
NOR,Norway,1999,36059.297,39492.21,91.30736669333015
NOR,Norway,2000,37908.609,41522.463,91.29662900777345
NOR,Norway,2001,38410.377,43197.426,88.91820776543491
NOR,Norway,2002,42961.931,44235.035,97.1219554816674
NOR,Norway,2003,50119.478,45347.373,110.52344311102654
NOR,Norway,2004,57762.653,48305.551,119.57767131152278
NOR,Norway,2005,67234.767,50938.817,131.99122193984206
NOR,Norway,2006,74867.635,53541.584,139.83081822906095
NOR,Norway,2007,86372.215,56273.819,153.48561113294974
NOR,Norway,2008,98612.685,57039.747,172.8841556748139
NOR,Norway,2009,81703.288,55816.723,146.37779433952082
NOR,Norway,2010,89673.89,56301.657,159.2739801601221
NOR,Norway,2011,103130.128,57499.096,179.35956419210487
NOR,Norway,2012,104221.852,59445.42,175.32360272666926
NOR,Norway,2013,105985.344,60527.966,175.10144649499705
NOR,Norway,2014,100035.836,62139.037,160.98710380722508
NOR,Norway,2015,76971.21,63395.607,121.41410681658115
NOR,Norway,2016,72976.355,64247.808,113.58575066094083
NOR,Norway,2017,78572.838,66660.476,117.8702024269974
NOR,Norway,2018,85385.981,72454.255,117.84812499969807
NOR,Norway,2019,79197.652,73507.871,107.7403697353716
NOR,Norway,2020,70990.273,69713.185,101.83191744861463
NOR,Norway,2021,96320.63,92322.055,104.33111567977988
NOR,Norway,2022,112747.923,101794.149,110.76071081452822
NOR,Norway,2023,90754.513,104815.989,86.58460781207722
NOR,Norway,2024,89683.506,107943.564,83.08369918191694
NOR,Norway,2025,94468.188,111545.112,84.69056716712069
NOR,Norway,2026,105876.853,115548.412,91.62986419925876
NOR,Norway,2027,105903.222,118747.615,89.18345181080058
NOR,Norway,2028,105321.332,121138.266,86.94307379304901
NOR,Norway,2029,104884.222,123748.387,84.75603160791097
NOR,Norway,2030,104816.714,126493.734,82.86316696129788
NOR,Norway,2031,105024.933,129264.326,81.24819604134245
POL,Poland,1980,1600.046,4863.541,32.89878711827453
POL,Poland,1981,1502.536,4748.613,31.641576182350512
POL,Poland,1982,1809.116,4753.993,38.05466268040361
POL,Poland,1983,2063.405,5143.686,40.11529863992476
POL,Poland,1984,2048.441,5264.269,38.91216425300455
POL,Poland,1985,1905.772,5598.46,34.04100413327951
POL,Poland,1986,1971.702,5874.412,33.56424438735315
POL,Poland,1987,1696.43,6127.228,27.686745131730046
POL,Poland,1988,1825.095,6545.468,27.883338517581933
POL,Poland,1989,1777.645,7054.389,25.199134893184937
POL,Poland,1990,1634.153,6729.185,24.284560463117003
POL,Poland,1991,2112.085,6452.546,32.73258338646482
POL,Poland,1992,2322.905,6716.22,34.58649359312233
POL,Poland,1993,2359.113,7148.725,33.000472112159855
POL,Poland,1994,2701.144,7667.951,35.2264118537012
POL,Poland,1995,3623.586,8355.469,43.367834887544916
POL,Poland,1996,4078.924,9032.556,45.1580261445376
POL,Poland,1997,4088.752,9831.811,41.586967039948185
POL,Poland,1998,4473.073,10432.039,42.878223518911305
POL,Poland,1999,4361.775,11056.302,39.45057759818789
POL,Poland,2000,4499.122,11912.759,37.76725442023968
POL,Poland,2001,5003.492,12330.817,40.57713288584204
POL,Poland,2002,5221.833,12707.103,41.09381186254648
POL,Poland,2003,5718.727,13422.839,42.6044520089975
POL,Poland,2004,6715.106,14496.061,46.32365992389243
POL,Poland,2005,8046.3,15444.925,52.096724328541576
POL,Poland,2006,9065.1,16916.118,53.588536093210045
POL,Poland,2007,11271.071,18564.371,60.71345482160425
POL,Poland,2008,14052.295,19756.603,71.12708090555851
POL,Poland,2009,11562.706,20387.467,56.71477481729339
POL,Poland,2010,12574.314,21352.438,58.88935961317392
POL,Poland,2011,13867.857,22914.294,60.5205510586536
POL,Poland,2012,13087.206,23693.15,55.23624338680166
POL,Poland,2013,13613.905,24262.09,56.1118394994001
POL,Poland,2014,14263.456,25682.572,55.53749055974612
POL,Poland,2015,12622.572,27078.398,46.614914220553224
POL,Poland,2016,12455.033,28192.787,44.178083564423765
POL,Poland,2017,13917.705,30171.75,46.128265678987795
POL,Poland,2018,15658.061,32343.463,48.41182590744844
POL,Poland,2019,15869.042,35875.431,44.23373199335222
POL,Poland,2020,15963.102,36657.018,43.54719197289862
POL,Poland,2021,18591.612,41671.129,44.61509070224615
POL,Poland,2022,18859.803,47214.544,39.94490129990454
POL,Poland,2023,22119.079,49265.369,44.89782467680289
POL,Poland,2024,25057.309,52205.98,47.997009154889916
POL,Poland,2025,28374.167,55793.171,50.85598558289508
POL,Poland,2026,31335.951,59792.482,52.40784451797803
POL,Poland,2027,32792.819,62685.337,52.31338071932198
POL,Poland,2028,34626.13,65521.86,52.84668353431968
POL,Poland,2029,36625.548,68526.678,53.44713777019806
POL,Poland,2030,38653.649,71661.071,53.939535734820375
POL,Poland,2031,40777.702,74914.439,54.43236650280462
PRT,Portugal,1980,3338.767,6503.634,51.336944852677746
PRT,Portugal,1981,3296.657,7306.098,45.12199261493618
PRT,Portugal,1982,3095.098,7877.081,39.2924485605772
PRT,Portugal,1983,2838.658,8226.82,34.50492413836695
PRT,Portugal,1984,2596.078,8402.565,30.89625608370777
PRT,Portugal,1985,2716.647,8786.053,30.91999331212775
PRT,Portugal,1986,3774.586,9252.087,40.797130420412174
PRT,Portugal,1987,4724.455,10207.749,46.28302478832503
PRT,Portugal,1988,5532.625,11143.627,49.64833262994176
PRT,Portugal,1989,5977.583,12368.6,48.328695244409225
PRT,Portugal,1990,7957.251,13870.16,57.369568916292245
PRT,Portugal,1991,9026.309,14856.725,60.75571163900523
PRT,Portugal,1992,10863.496,15683.121,69.26871252220779
PRT,Portugal,1993,9547.652,15924.98,59.95393400808039
PRT,Portugal,1994,9977.624,16462.903,60.60671073625351
PRT,Portugal,1995,11787.326,17136.417,68.78524256266638
PRT,Portugal,1996,12187.521,17993.875,67.73149752346285
PRT,Portugal,1997,11594.778,19024.574,60.94632132104508
PRT,Portugal,1998,12216.689,20061.732,60.89548499601132
PRT,Portugal,1999,12487.675,21021.195,59.405162265989155
PRT,Portugal,2000,11531.467,22161.449,52.03390355928441
PRT,Portugal,2001,11734.855,22938.53,51.157833566492705
PRT,Portugal,2002,12927.547,23346.375,55.372823404061656
PRT,Portugal,2003,15793.822,23497.373,67.21526700027276
PRT,Portugal,2004,18055.962,24502.138,73.69137338137594
PRT,Portugal,2005,18790.508,25420.86,73.91767233681315
PRT,Portugal,2006,19840.493,26582.673,74.63693737646324
PRT,Portugal,2007,22813.754,27932.351,81.67502262877909
PRT,Portugal,2008,24946.304,28520.163,87.46900920587305
PRT,Portugal,2009,23126.079,27773.668,83.26620380138482
PRT,Portugal,2010,22570.36,28586.553,78.95446505914862
PRT,Portugal,2011,23205.117,28672.519,80.93156028600067
PRT,Portugal,2012,20574.028,28138.001,73.11830005265831
PRT,Portugal,2013,21642.244,28490.656,75.96260331808435
PRT,Portugal,2014,22086.991,29354.193,75.24305301120015
PRT,Portugal,2015,19173.726,30207.122,63.4741899608973
PRT,Portugal,2016,19914.852,31181.347,63.867837396505024
PRT,Portugal,2017,21352.268,32843.841,65.01148267037343
PRT,Portugal,2018,23436.023,34725.232,67.48989610782154
PRT,Portugal,2019,23192.2,37616.188,61.654838602997195
PRT,Portugal,2020,22093.25,35662.774,61.950452872791104
PRT,Portugal,2021,24618.881,38690.789,63.62982414238181
PRT,Portugal,2022,24558.61,44078.707,55.715359345726725
PRT,Portugal,2023,27642.598,46639.683,59.268408835454565
PRT,Portugal,2024,29319.477,48323.807,60.6729453248582
PRT,Portugal,2025,32165.93,50269.01,63.98759394704609
PRT,Portugal,2026,35433.543,52840.882,67.05706199226576
PRT,Portugal,2027,36989.745,55112.749,67.11649422531981
PRT,Portugal,2028,38593.125,57147.922,67.53198305268214
PRT,Portugal,2029,40209.052,59271.406,67.83886989284514
PRT,Portugal,2030,41790.718,61479.442,67.97510946829999
PRT,Portugal,2031,43407.931,63718.197,68.12485764466938
SVK,Slovakia,1993,2605.672,7696.535,33.85513091280687
SVK,Slovakia,1994,2989.669,8301.93,36.01173462074481
SVK,Slovakia,1995,3760.767,9092.349,41.36188569092541
SVK,Slovakia,1996,4043.913,9880.961,40.92631273415612
SVK,Slovakia,1997,4096.899,10555.395,38.813317739411936
SVK,Slovakia,1998,4253.652,11064.516,38.44408557952286
SVK,Slovakia,1999,3873.194,11156.106,34.71815344888261
SVK,Slovakia,2000,3836.286,11487.626,33.39494165287066
SVK,Slovakia,2001,3975.697,12134.534,32.763491370991254
SVK,Slovakia,2002,4619.742,12867.061,35.90363020739546
SVK,Slovakia,2003,6300.484,13768.776,45.75921636026325
SVK,Slovakia,2004,8009.003,14909.369,53.717920590737265
SVK,Slovakia,2005,9103.847,16371.588,55.60759896962958
SVK,Slovakia,2006,10698.006,18381.978,58.198339699895186
SVK,Slovakia,2007,14378.782,20921.554,68.72712227781932
SVK,Slovakia,2008,18065.683,22456.259,80.44831955313663
SVK,Slovakia,2009,16581.061,21325.717,77.75148193141642
SVK,Slovakia,2010,16916.464,23016.403,73.49742703062681
SVK,Slovakia,2011,18486.511,24084.142,76.75802193825298
SVK,Slovakia,2012,17538.624,24862.747,70.54177883079453
SVK,Slovakia,2013,18321.684,25433.095,72.03875108397149
SVK,Slovakia,2014,18785.127,26551.709,70.74921994663319
SVK,Slovakia,2015,16451.177,28157.383,58.42580256837079
SVK,Slovakia,2016,16645.425,28952.364,57.49245553834568
SVK,Slovakia,2017,17651.93,30267.41,58.31992231908843
SVK,Slovakia,2018,19595.372,31530.948,62.146472728951885
SVK,Slovakia,2019,19421.451,34008.912,57.10694596757463
SVK,Slovakia,2020,19723.139,35334.152,55.81891140333578
SVK,Slovakia,2021,22087.226,38323.498,57.63363772273606
SVK,Slovakia,2022,21322.934,41463.192,51.42617577537204
SVK,Slovakia,2023,24612.667,43953.548,55.99699710248647
SVK,Slovakia,2024,25972.304,45952.755,56.51957972922407
SVK,Slovakia,2025,28497.802,47683.898,59.763994126486885
SVK,Slovakia,2026,31241.763,49466.097,63.15793016780765
SVK,Slovakia,2027,32823.146,51514.555,63.7162565026525
SVK,Slovakia,2028,34652.185,53846.927,64.35313383807399
SVK,Slovakia,2029,36423.558,56315.346,64.67785530430729
SVK,Slovakia,2030,38081.354,58789.616,64.77564677408336
SVK,Slovakia,2031,39648.99,61107.419,64.88408551505015
SVN,Slovenia,1992,9646.199,11836.008,81.49875363382655
SVN,Slovenia,1993,8363.873,12518.378,66.81275321770919
SVN,Slovenia,1994,8474.256,13463.345,62.94316902671662
SVN,Slovenia,1995,10756.095,14307.256,75.17930062899552
SVN,Slovenia,1996,10792.457,15044.183,71.73840546874496
SVN,Slovenia,1997,10452.336,16121.506,64.83473690361186
SVN,Slovenia,1998,11123.988,16819.593,66.13708191393216
SVN,Slovenia,1999,11457.877,18016.005,63.59832271360937
SVN,Slovenia,2000,10193.539,18978.303,53.711541016075046
SVN,Slovenia,2001,10397.982,19931.006,52.16988043654194
SVN,Slovenia,2002,11666.411,20863.967,55.91655220697004
SVN,Slovenia,2003,14736.002,21944.494,67.15124987616484
SVN,Slovenia,2004,17125.36,23542.505,72.74230163697534
SVN,Slovenia,2005,18022.563,25202.031,71.51234358849888
SVN,Slovenia,2006,19613.615,27435.061,71.4910566446344
SVN,Slovenia,2007,23819.294,30084.657,79.17422492136109
SVN,Slovenia,2008,27609.823,31699.931,87.0974230196274
SVN,Slovenia,2009,24563.148,29154.039,84.252984637909
SVN,Slovenia,2010,23367.305,29623.511,78.88094358565398
SVN,Slovenia,2011,24968.443,30385.201,82.17303877634377
SVN,Slovenia,2012,22474.535,29971.04,74.98750460444482
SVN,Slovenia,2013,23250.102,30181.152,77.03517082449338
SVN,Slovenia,2014,24029.664,31520.448,76.23516010939946
SVN,Slovenia,2015,20705.968,32546.199,63.62023411704697
SVN,Slovenia,2016,21450.814,33830.921,63.405941564523175
SVN,Slovenia,2017,23300.425,36188.66,64.38598444927223
SVN,Slovenia,2018,25987.659,38751.258,67.06274929190685
SVN,Slovenia,2019,25909.753,42525.473,60.92760684872336
SVN,Slovenia,2020,25451.13,41897.915,60.74557648035708
SVN,Slovenia,2021,29199.811,46263.202,63.11670990693641
SVN,Slovenia,2022,28448.549,50919.517,55.86963639109145
SVN,Slovenia,2023,32723.735,53808.099,60.815631119025404
SVN,Slovenia,2024,34346.378,55914.37,61.42674593311164
SVN,Slovenia,2025,37357.421,57921.841,64.49625970970088
SVN,Slovenia,2026,40630.055,60663.938,66.9756305632516
SVN,Slovenia,2027,42191.927,63218.185,66.74017452414999
SVN,Slovenia,2028,43989.277,65621.627,67.0347246952594
SVN,Slovenia,2029,45901.597,68172.475,67.33156893599653
SVN,Slovenia,2030,47882.019,70867.245,67.56579714648143
SVN,Slovenia,2031,49917.628,73648.327,67.77835971752623
ESP,Spain,1980,6118.91,8315.309,73.58608080589669
ESP,Spain,1981,5373.904,8979.648,59.84537478529226
ESP,Spain,1982,5163.843,9601.233,53.78312348007802
ESP,Spain,1983,4495.142,10094.715,44.529657350405635
ESP,Spain,1984,4465.003,10594.422,42.14484754335819
ESP,Spain,1985,4687.776,11148.254,42.04941868027047
ESP,Spain,1986,6467.667,11729.096,55.14207574053448
ESP,Spain,1987,8175.112,12676.346,64.49107652946677
ESP,Spain,1988,9584.39,13787.613,69.51449826739407
ESP,Spain,1989,10550.417,15015.372,70.26410667681094
ESP,Spain,1990,13673.271,16148.187,84.67372219556289
ESP,Spain,1991,14675.641,17070.701,85.96976187445378
ESP,Spain,1992,15989.337,17550.247,91.10605110002156
ESP,Spain,1993,13389.752,17675.146,75.75468966423247
ESP,Spain,1994,13399.66,18424.415,72.72773653871778
ESP,Spain,1995,15452.589,19540.294,79.08063716953285
ESP,Spain,1996,16113.303,20332.789,79.24787396357677
ESP,Spain,1997,14770.651,21426.329,68.93691868541735
ESP,Spain,1998,15442.962,22556.378,68.46383758952788
ESP,Spain,1999,15747.58,23837.945,66.06097966917869
ESP,Spain,2000,14714.351,25395.402,57.94100443852002
ESP,Spain,2001,15299.106,26741.771,57.210519078934595
ESP,Spain,2002,16936.981,27376.909,61.865935997376475
ESP,Spain,2003,21334.669,28251.894,75.51588930639483
ESP,Spain,2004,24698.252,29397.704,84.01422097453597
ESP,Spain,2005,26251.002,30887.165,84.99000151033609
ESP,Spain,2006,28177.362,32554.065,86.55558683685126
ESP,Spain,2007,32339.713,33947.22,95.26468735878814
ESP,Spain,2008,35379.801,34436.583,102.73899997569444
ESP,Spain,2009,32158.985,33165.942,96.96388240683771
ESP,Spain,2010,30624.424,33470.621,91.49643205006564
ESP,Spain,2011,31767.697,33833.094,93.89533514138554
ESP,Spain,2012,28511.285,33551.295,84.9781953274829
ESP,Spain,2013,29297.451,33792.2,86.69885654085854
ESP,Spain,2014,29737.831,34956.162,85.07178505466362
ESP,Spain,2015,25986.986,36718.666,70.77323016037674
ESP,Spain,2016,26725.642,38083.753,70.17596716374041
ESP,Spain,2017,28326.416,39762.189,71.23957888736962
ESP,Spain,2018,30526.94,40895.469,74.64626460207609
ESP,Spain,2019,29664.183,43857.044,67.63835474182893
ESP,Spain,2020,27188.392,39293.538,69.19303626972965
ESP,Spain,2021,30792.106,44025.218,69.94197280295126
ESP,Spain,2022,30154.509,49536.031,60.87388995698908
ESP,Spain,2023,33312.918,52045.408,64.0074106057541
ESP,Spain,2024,35151.242,54674.716,64.2915858950232
ESP,Spain,2025,38290.386,57033.821,67.13628041859583
ESP,Spain,2026,41563.182,59187.17,70.22329670433643
ESP,Spain,2027,43007.744,60950.339,70.5619438802465
ESP,Spain,2028,44542.406,62523.521,71.24103903233473
ESP,Spain,2029,45968.345,64236.088,71.56155742236358
ESP,Spain,2030,47538.508,66114.128,71.90370566484671
ESP,Spain,2031,49205.447,68091.06,72.26418123025255
SWE,Sweden,1980,16849.254,10731.925,157.0012276455529
SWE,Sweden,1981,15371.213,12273.161,125.24249457821013
SWE,Sweden,1982,13558.96,13206.698,102.66729806345234
SWE,Sweden,1983,12445.914,13986.977,88.98215818900682
SWE,Sweden,1984,12942.914,15097.884,85.72667534072987
SWE,Sweden,1985,13511.656,15904.604,84.95436918768931
SWE,Sweden,1986,17810.915,16681.291,106.77180201460426
SWE,Sweden,1987,21607.827,17613.896,122.67488691882818
SWE,Sweden,1988,24337.456,18599.966,130.8467768166888
SWE,Sweden,1989,25394.876,19666.281,129.1290203775691
SWE,Sweden,1990,30183.887,20347.126,148.34471954417543
SWE,Sweden,1991,31434.248,20669.345,152.08149072938693
SWE,Sweden,1992,32494.308,20801.105,156.21433572879903
SWE,Sweden,1993,24315.749,20778.096,117.02587667320432
SWE,Sweden,1994,25940.344,21895.574,118.4730028086955
SWE,Sweden,1995,30218.021,23214.276,130.16999108651933
SWE,Sweden,1996,33009.39,24023.249,137.40601864468874
SWE,Sweden,1997,30318.851,25177.614,120.4198737815267
SWE,Sweden,1998,30593.917,26521.545,115.35495763915715
SWE,Sweden,1999,30956.351,28004.329,110.5413059530903
SWE,Sweden,2000,29596.808,29892.91,99.0094574265269
SWE,Sweden,2001,27218.933,30890.35,88.11467982719523
SWE,Sweden,2002,29904.665,31971.311,93.53593601463513
SWE,Sweden,2003,37219.759,33086.67,112.49170436311661
SWE,Sweden,2004,42673.334,35256.089,121.03819570003922
SWE,Sweden,2005,43291.313,37227.088,116.28981831724255
SWE,Sweden,2006,46363.839,39880.851,116.25589183139546
SWE,Sweden,2007,53365.334,41961.489,127.17693120947162
SWE,Sweden,2008,55595.816,42038.907,132.2484811510442
SWE,Sweden,2009,46496.672,40132.484,115.85794689409208
SWE,Sweden,2010,52333.624,42614.561,122.8069063060394
SWE,Sweden,2011,60165.275,44551.526,135.04649649935675
SWE,Sweden,2012,57528.865,44847.563,128.27645729601852
SWE,Sweden,2013,60563.358,45704.229,132.51149691202536
SWE,Sweden,2014,59270.209,47067.65,125.92557520929981
SWE,Sweden,2015,50918.839,49067.249,103.77357613833209
SWE,Sweden,2016,51330.711,49859.626,102.95045333873946
SWE,Sweden,2017,52881.379,51069.01,103.54886260767537
SWE,Sweden,2018,53728.192,52677.601,101.9943789771292
SWE,Sweden,2019,51405.427,56641.384,90.75595151417912
SWE,Sweden,2020,52437.634,57253.292,91.5888539649388
SWE,Sweden,2021,60435.671,62361.738,96.91146035731076
SWE,Sweden,2022,54656.482,67190.733,81.3452682529896
SWE,Sweden,2023,54871.777,69335.934,79.13901758358084
SWE,Sweden,2024,57125.421,71536.362,79.85508265013533
SWE,Sweden,2025,62661.794,74080.786,84.58575749992718
SWE,Sweden,2026,70675.657,77093.666,91.67505019154234
SWE,Sweden,2027,73307.345,79705.315,91.97296943121044
SWE,Sweden,2028,76448.379,82171.472,93.03518257528599
SWE,Sweden,2029,79297.059,84648.004,93.67859282305109
SWE,Sweden,2030,82351.18,87260.19,94.37428453914664
SWE,Sweden,2031,85389.185,89885.959,94.99724534284604
CHE,Switzerland,1980,19719.765,19349.454,101.91380593995054
CHE,Switzerland,1981,17988.992,21426.624,83.95625927817653
CHE,Switzerland,1982,18320.902,22313.895,82.10535184466897
CHE,Switzerland,1983,18150.818,23199.704,78.23728268257216
CHE,Switzerland,1984,17272.919,24685.698,69.97136155518066
CHE,Switzerland,1985,17459.127,26308.53,66.3629894942819
CHE,Switzerland,1986,24912.878,27209.006,91.56114707020167
CHE,Switzerland,1987,31009.68,28157.439,110.12961796703173
CHE,Switzerland,1988,33287.007,29877.817,111.41043872114219
CHE,Switzerland,1989,31918.129,32164.068,99.23536102460672
CHE,Switzerland,1990,40436.747,34319.56,117.82419996060558
CHE,Switzerland,1991,40413.194,34726.919,116.37425710008999
CHE,Switzerland,1992,41493.629,35023.89,118.47235986636551
CHE,Switzerland,1993,39998.566,35486.982,112.71334936287339
CHE,Switzerland,1994,43896.033,36381.729,120.6540596242691
CHE,Switzerland,1995,51041.121,37071.139,137.6842535105274
CHE,Switzerland,1996,48922.368,37733.121,129.65364831602454
CHE,Switzerland,1997,42208.934,39072.234,108.02795151155166
CHE,Switzerland,1998,43233.679,40504.825,106.737108480286
CHE,Switzerland,1999,42350.274,41590.521,101.8267455702226
CHE,Switzerland,2000,39416.937,43872.567,89.84415477671958
CHE,Switzerland,2001,40334.67,45376.697,88.88851032943185
CHE,Switzerland,2002,43290.345,45887.493,94.34018328262125
CHE,Switzerland,2003,50122.321,46265.379,108.33656198947381
CHE,Switzerland,2004,55501.929,48370.144,114.7441880677469
CHE,Switzerland,2005,57238.65,51031.753,112.16281361136076
CHE,Switzerland,2006,60128.668,54487.984,110.35216131321724
CHE,Switzerland,2007,66499.503,57825.05,115.00120276592929
CHE,Switzerland,2008,75664.809,59702.949,126.73546326832196
CHE,Switzerland,2009,73143.933,58063.615,125.97206184974878
CHE,Switzerland,2010,78278.897,60011.753,130.43927745286828
CHE,Switzerland,2011,92386.106,61488.709,150.24889528905217
CHE,Switzerland,2012,87772.787,62706.252,139.97453874296298
CHE,Switzerland,2013,89462.195,64273.08,139.19077007045564
CHE,Switzerland,2014,91054.666,66183.853,137.57836975734853
CHE,Switzerland,2015,85683.483,66926.673,128.02591128353265
CHE,Switzerland,2016,83889.957,68146.448,123.10246456278982
CHE,Switzerland,2017,83954.213,69602.764,120.6190791503625
CHE,Switzerland,2018,87366.692,72472.346,120.55176466896765
CHE,Switzerland,2019,86231.738,75576.444,114.09869720782311
CHE,Switzerland,2020,87797.149,74621.748,117.65624814899806
CHE,Switzerland,2021,96895.469,84615.08,114.51323924766128
CHE,Switzerland,2022,98220.06,93149.595,105.4433570001029
CHE,Switzerland,2023,105353.239,96601.424,109.05971634538223
CHE,Switzerland,2024,108255.92,98728.608,109.65000134510151
CHE,Switzerland,2025,115620.125,102095.684,113.24682931748613
CHE,Switzerland,2026,126176.833,105679.808,119.39540333002876
CHE,Switzerland,2027,130035.195,108680.602,119.64894618452703
CHE,Switzerland,2028,134679.474,111692.955,120.58009746451779
CHE,Switzerland,2029,138845.592,114260.296,121.51691957808337
CHE,Switzerland,2030,144018.423,117659.68,122.402528206774
CHE,Switzerland,2031,148483.234,120396.329,123.32870547905162
TUR,Türkiye,1980,2149.702,3584.841,59.96645318439507
TUR,Türkiye,1981,2128.93,4003.127,53.181675225392546
TUR,Türkiye,1982,1890.724,4297.196,43.99901703343296
TUR,Türkiye,1983,1766.494,4573.774,38.62224062666847
TUR,Türkiye,1984,1680.988,4952.673,33.94102538164745
TUR,Türkiye,1985,1848.957,5216.303,35.4457361851871
TUR,Türkiye,1986,1997.936,5577.783,35.81953618489639
TUR,Türkiye,1987,2277.63,6169.479,36.917704071932164
TUR,Türkiye,1988,2350.74,6403.141,36.7122947940706
TUR,Türkiye,1989,2728.223,6552.891,41.633883426414386
TUR,Türkiye,1990,3766.222,7299.294,51.59707226479712
TUR,Türkiye,1991,3719.08,7488.465,49.66411674488697
TUR,Türkiye,1992,3847.435,7984.857,48.18414406169077
TUR,Türkiye,1993,4293.634,8690.134,49.40814491468141
TUR,Türkiye,1994,3049.437,8259.668,36.91960742247751
TUR,Türkiye,1995,3909.992,8900.132,43.931842808623514
TUR,Türkiye,1996,4129.999,9551.879,43.2375556683664
TUR,Türkiye,1997,4253.615,10293.469,41.32343527726173
TUR,Türkiye,1998,4445.653,10579.536,42.02124743467011
TUR,Türkiye,1999,4013.312,10253.958,39.13914997506328
TUR,Türkiye,2000,4256.64,11060.749,38.484193068661085
TUR,Türkiye,2001,3115.14,10545.169,29.54092058647898
TUR,Türkiye,2002,3616.114,11253.682,32.1327188736984
TUR,Türkiye,2003,4750.989,11997.387,39.6001979431021
TUR,Türkiye,2004,6040.164,13381.718,45.137433026163
TUR,Türkiye,2005,7405.476,14874.906,49.785027212945074
TUR,Türkiye,2006,8007.819,16213.603,49.38950953714606
TUR,Türkiye,2007,9790.887,17288.226,56.63326590015656
TUR,Türkiye,2008,11089.025,17559.648,63.150610991746525
TUR,Türkiye,2009,9108.034,16575.026,54.95034517592913
TUR,Türkiye,2010,10705.548,17934.95,59.690983247792715
TUR,Türkiye,2011,11361.902,20018.734,56.75634633039232
TUR,Türkiye,2012,11738.279,21101.17,55.62856941108005
TUR,Türkiye,2013,12639.299,22984.735,54.98997051738904
TUR,Türkiye,2014,12222.238,24133.261,50.64478439113553
TUR,Türkiye,2015,11099.8,25429.966,43.64850507468236
TUR,Türkiye,2016,10978.312,26170.19,41.94968397248931
TUR,Türkiye,2017,10756.742,28353.426,37.9380678722917
TUR,Türkiye,2018,9917.054,28640.417,34.626081037856395
TUR,Türkiye,2019,9387.652,29016.608,32.352685744660434
TUR,Türkiye,2020,8758.704,29209.214,29.98609959172472
TUR,Türkiye,2021,9836.039,32412.254,30.346667652302123
TUR,Türkiye,2022,10881.992,36247.779,30.021127639296186
TUR,Türkiye,2023,13516.335,39325.253,34.370624392422854
TUR,Türkiye,2024,15882.632,41549.109,38.22616749735837
TUR,Türkiye,2025,18611.136,44109.588,42.19294907039258
TUR,Türkiye,2026,19018.179,46672.249,40.74836633649259
TUR,Türkiye,2027,18805.324,49120.553,38.28402339037184
TUR,Türkiye,2028,20007.395,51608.283,38.76779818464412
TUR,Türkiye,2029,21078.126,54392.101,38.75218204937514
TUR,Türkiye,2030,22025.143,57383.195,38.382566533634105
TUR,Türkiye,2031,22954.739,60397.238,38.006272737173845
GBR,United Kingdom,1980,10734.318,9396.472,114.23774795476429
GBR,United Kingdom,1981,10452.675,10223.384,102.24280923029008
GBR,United Kingdom,1982,9950.478,11083.82,89.77480688066028
GBR,United Kingdom,1983,9478.005,11994.669,79.01847895927764
GBR,United Kingdom,1984,8967.693,12685.396,70.69304734357523
GBR,United Kingdom,1985,9517.785,13587.997,70.04553356907572
GBR,United Kingdom,1986,11580.773,14260.591,81.20822622288235
GBR,United Kingdom,1987,14367.286,15378.626,93.42372979224541
GBR,United Kingdom,1988,17438.761,16751.091,104.10522514623078
GBR,United Kingdom,1989,17710.161,17779.465,99.61020199426697
GBR,United Kingdom,1990,20981.005,18497.434,113.42657040971196
GBR,United Kingdom,1991,21805.656,18788.306,116.05972353228651
GBR,United Kingdom,1992,22466.408,19220.626,116.88697340034606
GBR,United Kingdom,1993,20081.187,20078.543,100.01316828616498
GBR,United Kingdom,1994,21532.357,21154.145,101.78788601477393
GBR,United Kingdom,1995,23254.79,22055.064,105.43968496305429
GBR,United Kingdom,1996,24529.701,22991.074,106.69227979519356
GBR,United Kingdom,1997,26917.142,24465.742,110.01972472365647
GBR,United Kingdom,1998,28404.949,25473.567,111.50754427128324
GBR,United Kingdom,1999,28864.384,26499.981,108.92228186880585
GBR,United Kingdom,2000,28440.794,28229.211,100.74951793728843
GBR,United Kingdom,2001,28024.249,29441.495,95.18622950363084
GBR,United Kingdom,2002,30208.587,30280.411,99.76280374794119
GBR,United Kingdom,2003,34594.377,31727.2,109.03696827958345
GBR,United Kingdom,2004,40548.325,33164.072,122.26582127791785
GBR,United Kingdom,2005,42279.458,34889.102,121.18241965643026
GBR,United Kingdom,2006,44772.7,36502.466,122.65664462231125
GBR,United Kingdom,2007,50651.344,38280.623,132.31588211090502
GBR,United Kingdom,2008,48143.081,38680.23,124.46430902815209
GBR,United Kingdom,2009,39158.587,36872.79,106.19914305372606
GBR,United Kingdom,2010,39821.429,37861.146,105.17755854511113
GBR,United Kingdom,2011,42292.912,38648.032,109.43095886486536
GBR,United Kingdom,2012,42695.921,39702.02,107.54092864796301
GBR,United Kingdom,2013,43636.03,40798.194,106.95578828807962
GBR,United Kingdom,2014,47771.842,42501.792,112.39959482179009
GBR,United Kingdom,2015,45266.037,43499.342,104.06142925104476
GBR,United Kingdom,2016,41411.645,44526.573,93.00433922907115
GBR,United Kingdom,2017,40952.186,46440.821,88.18144278715486
GBR,United Kingdom,2018,43760.389,47635.985,91.86414220258068
GBR,United Kingdom,2019,43185.922,50493.941,85.52693876677203
GBR,United Kingdom,2020,40844.287,48719.868,83.83497057093831
GBR,United Kingdom,2021,47707.119,53772.777,88.71983494547807
GBR,United Kingdom,2022,47206.385,59974.217,78.71113181852796
GBR,United Kingdom,2023,49938.295,61552.285,81.13150470368402
GBR,United Kingdom,2024,53338.651,63071.834,84.56809897108747
GBR,United Kingdom,2025,57608.214,65524.564,87.91850030471015
GBR,United Kingdom,2026,61056.098,67585.309,90.33930435976849
GBR,United Kingdom,2027,63704.119,69709.492,91.3851430734856
GBR,United Kingdom,2028,66419.058,71723.804,92.60392546942992
GBR,United Kingdom,2029,69288.3,73853.323,93.81879810607845
GBR,United Kingdom,2030,72501.327,76029.041,95.36004406526712
GBR,United Kingdom,2031,75760.754,78155.768,96.93558893823423
USA,United States,1980,12552.943,12552.943,100.0
USA,United States,1981,13948.701,13948.701,100.0
USA,United States,1982,14404.994,14404.994,100.0
USA,United States,1983,15513.679,15513.679,100.0
USA,United States,1984,17086.441,17086.441,100.0
USA,United States,1985,18199.32,18199.32,100.0
USA,United States,1986,19034.766,19034.766,100.0
USA,United States,1987,20000.968,20000.968,100.0
USA,United States,1988,21375.999,21375.999,100.0
USA,United States,1989,22814.077,22814.077,100.0
USA,United States,1990,23847.977,23847.977,100.0
USA,United States,1991,24302.776,24302.776,100.0
USA,United States,1992,25392.931,25392.931,100.0
USA,United States,1993,26364.192,26364.192,100.0
USA,United States,1994,27674.021,27674.021,100.0
USA,United States,1995,28671.48,28671.48,100.0
USA,United States,1996,29946.973,29946.973,100.0
USA,United States,1997,31440.087,31440.087,100.0
USA,United States,1998,32833.666,32833.666,100.0
USA,United States,1999,34496.241,34496.241,100.0
USA,United States,2000,36312.782,36312.782,100.0
USA,United States,2001,37101.453,37101.453,100.0
USA,United States,2002,37945.761,37945.761,100.0
USA,United States,2003,39405.354,39405.354,100.0
USA,United States,2004,41641.617,41641.617,100.0
USA,United States,2005,44034.256,44034.256,100.0
USA,United States,2006,46216.853,46216.853,100.0
USA,United States,2007,47943.353,47943.353,100.0
USA,United States,2008,48470.553,48470.553,100.0
USA,United States,2009,47102.428,47102.428,100.0
USA,United States,2010,48586.288,48586.288,100.0
USA,United States,2011,50008.108,50008.108,100.0
USA,United States,2012,51736.738,51736.738,100.0
USA,United States,2013,53363.904,53363.904,100.0
USA,United States,2014,55263.817,55263.817,100.0
USA,United States,2015,57006.926,57006.926,100.0
USA,United States,2016,58179.697,58179.697,100.0
USA,United States,2017,60292.978,60292.978,100.0
USA,United States,2018,63165.278,63165.278,100.0
USA,United States,2019,65561.32,65561.32,100.0
USA,United States,2020,64517.998,64517.998,100.0
USA,United States,2021,71365.73,71365.73,100.0
USA,United States,2022,77948.992,77948.992,100.0
USA,United States,2023,82536.095,82536.095,100.0
USA,United States,2024,86173.365,86173.365,100.0
USA,United States,2025,89991.152,89991.152,100.0
USA,United States,2026,94429.753,94429.753,100.0
USA,United States,2027,98277.579,98277.579,100.0
USA,United States,2028,101714.787,101714.787,100.0
USA,United States,2029,105171.151,105171.151,100.0
USA,United States,2030,108659.462,108659.462,100.0
USA,United States,2031,112241.909,112241.909,100.0
